NC_011601.1	873174	C	T	C
NC_011601.1	873189	C	C	T
NC_017646.1	2381366	G	A	G
NC_017646.1	2381390	G	A	G
NC_017646.1	2381429	G	T	G
NZ_AP019538.1	4395995	A	DEL	A
NZ_AP019538.1	4396024	T	C	T
NZ_AP022087.1	854301	T	G	T
NZ_AP022087.1	854302	C	T	C
NZ_AP022087.1	854308	T	T	C
NZ_AP022087.1	854358	G	A	G
NZ_AP022087.1	854369	C	C	T
NZ_AP022087.1	854374	C	T	C
NZ_AP022087.1	854377	C	T	C
NZ_AP022261.1	3097360	A	G	A
NZ_AP022261.1	3097363	G	A	G
NZ_AP022298.1	2853814	C	T	C
NZ_AP022298.1	2853827	A	DEL	A
NZ_AP022811.1	897137	A	G	A/C
NZ_AP022811.1	897152	A	G	A
NZ_AP022811.1	897176	T	C	T
NZ_AP022811.1	2530621	G	T	G
NZ_AP022811.1	2530633	G	A	G
NZ_AP022811.1	2530645	A	G	A
NZ_AP022811.1	2530650	C	C	T
NZ_CP007390.1	1783178	A	C	G
NZ_CP019267.1	425171	C	C	T
NZ_CP019267.1	594430	G	T	G
NZ_CP019267.1	731369	G	G	A
NZ_CP019267.1	913890	A	G	A
NZ_CP019267.1	983094	G	A	G
NZ_CP019267.1	1093395	A	G	A
NZ_CP019267.1	1093431	G	A	G
NZ_CP019267.1	1093461	T	C	T
NZ_CP019267.1	1093530	G	T	G
NZ_CP019267.1	1569148	C	C	T
NZ_CP019267.1	1579145	C	C,T	C
NZ_CP019267.1	1579158	T	C,T	T
NZ_CP019267.1	1627328	A	T	A
NZ_CP019267.1	1627619	A	A	G
NZ_CP019267.1	1667631	C	C,T	C
NZ_CP019267.1	1687205	G	A	G
NZ_CP019267.1	1687430	C	C	T
NZ_CP019267.1	1687740	A	A	DEL
NZ_CP019267.1	1687741	T	T	DEL
NZ_CP019267.1	1687742	C	C	DEL
NZ_CP019267.1	1687743	T	T	DEL
NZ_CP019267.1	1687744	C	C	DEL
NZ_CP019267.1	1687745	A	A	DEL
NZ_CP019267.1	1687746	T	T	DEL
NZ_CP019267.1	1687747	T	T	DEL
NZ_CP019267.1	1688213	G	G	A
NZ_CP019267.1	1939699	T	C	T
NZ_CP019267.1	1939701	G	C	G
NZ_CP019267.1	1951987	G	A	G
NZ_CP019267.1	1956315	C	C	A,C
NZ_CP019267.1	2043227	C	T	C
NZ_CP019267.1	2456194	A	A/G	A,G
NZ_CP019267.1	2614274	T	G	T
NZ_CP019267.1	2666543	T	C	T
NZ_CP019267.1	2737494	T	T	DEL
NZ_CP019267.1	2745050	C	C	A
NZ_CP019267.1	2871664	G	G	A
NZ_CP019267.1	2892628	G	G	A
NZ_CP019267.1	2937117	G	G	T
NZ_CP019267.1	2937711	T	C,INS/T	T
NZ_CP019267.1	2959938	C	C	C,T
NZ_CP019267.1	3209505	A	A	A,DEL
NZ_CP019267.1	3231309	G	A	G
NZ_CP019267.1	3542341	C	C	A
NZ_CP019267.1	3598963	C	C	T
NZ_CP019267.1	3604438	C	C	A
NZ_CP019267.1	3702065	C	C	C,T
NZ_CP019267.1	3715079	C	C	A
NZ_CP019267.1	3784210	A	A,G	A
NZ_CP019267.1	3977129	C	T	C
NZ_CP019267.1	4113629	A	A	G
NZ_CP019267.1	4252172	G	G	A
NZ_CP019267.1	4313549	C	C	DEL/C
NZ_CP019267.1	4313550	A	A	DEL/A
NZ_CP019267.1	4313551	T	T	DEL/T
NZ_CP019267.1	4313552	T	T	DEL/T
NZ_CP019267.1	4353683	G	G	T
NZ_CP019267.1	4357856	T	T	C
NZ_CP019267.1	4399066	G	C	G
NZ_CP019267.1	4528211	T	T	C,T
NZ_CP027457.1	4417911	C	T	C
NZ_CP027457.1	4417914	A	T	A
NZ_CP027457.1	4417917	C	G	C
NZ_CP028758.1	1771736	C	C	T
NZ_CP028758.1	1771787	T	C	T
NZ_CP030919.1	715333	C	T	C
NZ_CP033762.1	4295243	A	G	A
NZ_CP035879.1	822494	G	G	C
NZ_CP035879.1	822495	A	G	A
NZ_CP035879.1	822533	A	A	T
NZ_CP035879.1	822538	G	G	A
NZ_CP035879.1	822549	C	C	T
NZ_CP035879.1	822574	G	G	A
NZ_CP035879.1	822578	C	C	DEL
NZ_CP035879.1	822579	C	C	DEL
NZ_CP035879.1	822580	T	T	DEL
NZ_CP035879.1	822595	G	G	A
NZ_CP035879.1	822606	G	G	C
NZ_CP035879.1	822607	A	G	A
NZ_CP038383.1	4863320	G	T	G
NZ_CP038383.1	4927376	G	A	G
NZ_CP038383.1	4927400	C	A	C
NZ_CP047600.1	1206243	C	C	T
NZ_CP047600.1	1206246	C	C	T
NZ_CP047600.1	1209611	C	C	T
NZ_CP047600.1	1209623	G	A	G
NZ_CP047600.1	1209631	G	G	A
NZ_CP047600.1	1209635	A	A	G
NZ_CP047600.1	1209656	A	A	G
NZ_CP053730.1	2299315	C	C	T
NZ_CP053730.1	2299369	C	T	C
NZ_CP053730.1	2303659	A	A	G/A
NZ_CP053730.1	2303662	C	C	T/C
NZ_CP053730.1	2303674	G	G	A/G
NZ_CP054345.1	4715927	C	A	C
NZ_CP054345.1	4715943	A	G	A
NZ_CP054345.1	4715977	G	G	INS
NZ_CP068815.1	1917735	C	C	T
NZ_CP068815.1	3935865	A	C	A
NZ_CP069453.1	3388435	C	T	C
NZ_CP069453.1	3388450	C	C	T
NZ_CP073624.1	2438223	G	A	G
NZ_CP081698.1	2428770	C	C	T
NZ_CP082774.1	2453901	T	G	T
NZ_CP082774.1	2453904	C	A	C
NZ_CP082774.1	2453922	A	G	A
NZ_CP082774.1	2453928	G	T	G
NZ_CP082774.1	2453934	G	G	A,G
NZ_CP087290.1	4020408	G	T	G
NZ_CP087290.1	4020448	A	T	A
NZ_CP095448.1	4554991	C	T	C
NZ_CP095448.1	4555004	C	T	C
NZ_CP095540.1	1356988	A	G	A/G
NZ_CP098223.1	2925169	G	A	G
NZ_CP098223.1	2925172	A	A	T
NZ_CP110511.1	100328	C	T	C
NZ_CP110511.1	100334	G	G	C
NZ_CP110511.1	2004564	A	G	A
NZ_CP128931.1	466315	T	G	T
NZ_CP135649.1	12387	G	A	G
NZ_CP135649.1	12396	T	C	T
NZ_LR134231.1	760071	C	T	C
