NZ_AP022811.1	2561907	G	G	A
NZ_AP022811.1	2561943	C	T	C
NZ_AP022811.1	2561970	G	G	C
NZ_AP022811.1	2561976	G	A	G
NZ_AP023197.1	4383685	G	A	G
NZ_AP027258.1	2318450	C	G	C
NZ_CP007390.1	4062722	T	T	C
NZ_CP007390.1	4062723	C	C	T
NZ_CP007390.1	4062727	C	T	C
NZ_CP007390.1	4063908	C	T	C
NZ_CP007390.1	4063927	C	T	C
NZ_CP007390.1	4063928	T	C	T
NZ_CP007390.1	4063936	C	DEL	C
NZ_CP007390.1	4063937	C	DEL	C
NZ_CP007390.1	4063938	G	DEL	G
NZ_CP007390.1	4063939	C	DEL	C
NZ_CP007390.1	4063940	C	DEL	C
NZ_CP007390.1	4064231	G	A	G/A
NZ_CP007390.1	4064232	A	A	INS/A
NZ_CP007390.1	4064234	A	G	A/G
NZ_CP007390.1	4065692	A	INS/A	A
NZ_CP007390.1	4065693	A	T/G	A
NZ_CP007390.1	4065694	A	C	A
NZ_CP007390.1	4065697	G	G	A
NZ_CP007390.1	4065698	G	T	G
NZ_CP007390.1	4065701	C	G	C
NZ_CP007390.1	4065704	A	T	A
NZ_CP007390.1	4065706	C	T	C
NZ_CP007390.1	4065708	G	DEL	G
NZ_CP007390.1	4065719	A	G	A/G
NZ_CP007390.1	4065720	A	G	A
NZ_CP007390.1	4065721	A	G	A
NZ_CP007390.1	4065727	T	C	T
NZ_CP007390.1	4067933	T	INS	T,INS
NZ_CP007390.1	4068354	T	G	T
NZ_CP007390.1	4068355	T	A	T
NZ_CP007390.1	4068356	C	A	C
NZ_CP007390.1	4068367	G	A	G
NZ_CP007390.1	4068370	T	C	T
NZ_CP007390.1	4068371	C	T	C
NZ_CP007390.1	4068384	G	G	A,G
NZ_CP007390.1	4098900	T	T	C/T
NZ_CP007390.1	4098926	C	T	C
NZ_CP007390.1	4102050	G	A/G	G
NZ_CP007390.1	4102056	G	A/G	G
NZ_CP007390.1	4102584	C	T	C
NZ_CP007390.1	4102597	A	T	A
NZ_CP007390.1	4102614	C	C	INS
NZ_CP007390.1	4102615	A	C	A
NZ_CP007390.1	4102616	T	T	DEL
NZ_CP007390.1	4102617	C	C	DEL
NZ_CP007390.1	4102621	G	DEL	G
NZ_CP007390.1	4102622	A	DEL	T
NZ_CP007390.1	4102623	G	DEL	G
NZ_CP007390.1	4102624	A	DEL	A
NZ_CP007390.1	4102625	G	DEL	G
NZ_CP007390.1	4102626	G	DEL	G
NZ_CP007390.1	4102629	G	C	G
NZ_CP007390.1	4102630	C	A	C
NZ_CP007390.1	4102631	A	A	T
NZ_CP007390.1	4102633	G	G	A
NZ_CP007390.1	4102634	G	G	A
NZ_CP007390.1	4102657	A	G	A
NZ_CP007390.1	4102663	G	C	G
NZ_CP007390.1	4102665	A	T	A
NZ_CP007390.1	4102673	G	A	G
NZ_CP019267.1	270350	G	A	G
NZ_CP019267.1	274930	T	C	T
NZ_CP019267.1	381565	G	DEL/G	G
NZ_CP019267.1	426514	T	C	T
NZ_CP019267.1	594430	G	T	G
NZ_CP019267.1	725145	G	A	G
NZ_CP019267.1	730002	G	G,T/C	G
NZ_CP019267.1	854119	C	T	C
NZ_CP019267.1	983094	G	A	G
NZ_CP019267.1	1007603	C	G	C
NZ_CP019267.1	1093461	T	C	T
NZ_CP019267.1	1093530	G	T	G
NZ_CP019267.1	1404319	C	T/C	C
NZ_CP019267.1	1498489	G	G	T
NZ_CP019267.1	1667631	C	C,T	C
NZ_CP019267.1	1682836	T	C	T
NZ_CP019267.1	1760619	A	G	A
NZ_CP019267.1	2043227	C	T	C
NZ_CP019267.1	2322877	G	A	G
NZ_CP019267.1	2735463	A	G/C	A
NZ_CP019267.1	2915274	C	C	C,T
NZ_CP019267.1	3066110	A	A	T/A
NZ_CP019267.1	3378032	C	T	C
NZ_CP019267.1	4219621	T	G	T
NZ_CP019267.1	4364144	C	C	T/C
NZ_CP019267.1	4368852	T	T	A/T
NZ_CP019267.1	4376479	T	G	T
NZ_CP019267.1	4399066	G	C	G
NZ_CP019267.1	4639451	G	A,G	G
NZ_CP019267.1	4680345	A	A	A,DEL
NZ_CP019267.1	4680348	A	A	A,C
NZ_CP019267.1	4680361	T	T	C,T
NZ_CP019267.1	4680374	G	G	C,G
NZ_CP019267.1	4680543	C	C	A,C
NZ_CP019267.1	4680545	T	T	C,T
NZ_CP019267.1	4681896	A	C	A
NZ_CP051751.1	891056	C	T	C
NZ_CP051751.1	891106	A	G	A
NZ_CP051751.1	891159	C	T	C
NZ_CP051751.1	891183	C	T	C
NZ_CP051751.1	891204	T	C/A	T
NZ_CP051751.1	3565294	T	C	T
NZ_CP051751.1	3565312	C	T	C
NZ_CP051751.1	3896472	C	A	C
NZ_CP051751.1	3896565	A	C	A
NZ_CP053730.1	4528596	C	C	G
NZ_CP053730.1	4528600	C	C	T
NZ_CP053730.1	4528607	T	C	T
NZ_CP054345.1	3820628	G	A/G	G
NZ_CP054345.1	3820634	A	A	G
NZ_CP054345.1	3820699	G	G	A
NZ_CP054345.1	3820722	T	A	T
NZ_CP080260.1	143818	T	G	T
NZ_CP081698.1	1825631	T	C	T
NZ_CP087290.1	3050827	A	G	A
NZ_CP087290.1	3066082	T	C	T
NZ_CP087290.1	3494239	A	G	A
NZ_CP095448.1	4602954	T	C	T
NZ_CP095540.1	1356805	G	A	G
NZ_CP095540.1	1356851	C	C	T
NZ_CP098206.1	1285269	A	G	A
NZ_CP098206.1	1285275	G	A	G
NZ_CP098206.1	1285278	A	T	A
NZ_CP098206.1	1285284	A	G	A
NZ_CP098206.1	1285557	C	T	C
NZ_CP098206.1	4825468	C	T	C
NZ_CP134358.1	3511434	T	A	T
NZ_CP141765.1	3652588	C	C	T
