NC_011601.1	853480	G	T	G
NC_011601.1	2213426	G	G	A
NC_011601.1	2213444	C	T	C
NZ_AP021933.1	4670458	T	T	C
NZ_AP021933.1	4671606	C	T	C
NZ_AP021933.1	4671612	T	G	T
NZ_AP021933.1	4671615	T	G	T
NZ_AP022087.1	852932	A	G	A
NZ_AP022087.1	852959	A	G	A
NZ_AP022261.1	1991913	C	C	A
NZ_AP022261.1	1991928	C	G	C
NZ_AP022261.1	1991943	G	T	G
NZ_AP022261.1	4451341	G	T	G
NZ_AP022811.1	305961	C	T	C
NZ_AP022811.1	930389	G	C	G
NZ_AP022811.1	1970444	C	A	C
NZ_AP022811.1	1970445	A	G	A
NZ_AP022811.1	2562072	G	G	A
NZ_AP022811.1	5186141	A	G	A
NZ_AP022811.1	5186170	G	A	G
NZ_AP022811.1	5186198	G	A	G
NZ_AP022811.1	5186238	A	G	A
NZ_AP022811.1	5186261	T	C	T
NZ_AP022811.1	5186312	C	T	C
NZ_AP027258.1	2319299	A	T	A
NZ_AP027258.1	4539109	G	G	T
NZ_AP027258.1	4539111	C	C	T
NZ_AP027258.1	4539122	C	A	C
NZ_AP027258.1	4539134	C	C	T
NZ_AP027258.1	4539137	G	G	A
NZ_AP027258.1	4539188	C	C	T
NZ_CP007390.1	3591216	G	G	A
NZ_CP019267.1	151718	C	C	T
NZ_CP019267.1	170342	G	A	G
NZ_CP019267.1	381565	G	DEL/G	G,DEL
NZ_CP019267.1	381569	G	G	A,G
NZ_CP019267.1	593732	T	T/G	C,T
NZ_CP019267.1	595416	A	G	A
NZ_CP019267.1	602881	C	C	T
NZ_CP019267.1	725145	G	A	G
NZ_CP019267.1	750509	T	G,T/A,C	C,T/G
NZ_CP019267.1	759679	T	T	G
NZ_CP019267.1	800942	C	T	C
NZ_CP019267.1	1072146	T	T/A,C	C,T/A
NZ_CP019267.1	1350474	G	A	G
NZ_CP019267.1	1356420	G	G	A
NZ_CP019267.1	1404319	C	T/C	C
NZ_CP019267.1	1544515	G	A	G
NZ_CP019267.1	1550775	T	T	C
NZ_CP019267.1	1627328	A	T	A
NZ_CP019267.1	1688931	G	A	G
NZ_CP019267.1	1926946	C	C	C,T
NZ_CP019267.1	2176243	C	T	C
NZ_CP019267.1	2235623	T	T/C	C,T/A
NZ_CP019267.1	2237821	C	C	T
NZ_CP019267.1	2237846	A	G	A
NZ_CP019267.1	2237847	T	T	G
NZ_CP019267.1	2237863	A	A	G
NZ_CP019267.1	2257529	T	C	T
NZ_CP019267.1	2257545	C	T	C
NZ_CP019267.1	2318660	C	C	A
NZ_CP019267.1	2322877	G	A	G
NZ_CP019267.1	2374316	A	A	G
NZ_CP019267.1	2405074	C	C	A
NZ_CP019267.1	2432795	C	C	C,G
NZ_CP019267.1	2462464	C	C	T
NZ_CP019267.1	2476778	A	C	A
NZ_CP019267.1	2565925	C	T/C	C/G
NZ_CP019267.1	2628730	C	C	T
NZ_CP019267.1	2666543	T	C	T
NZ_CP019267.1	2687211	G	A,G	G
NZ_CP019267.1	2742292	G	G	A
NZ_CP019267.1	2789795	G	G	T
NZ_CP019267.1	2821988	A	A	G
NZ_CP019267.1	2842845	C	T	C
NZ_CP019267.1	2867141	C	G	C
NZ_CP019267.1	2874484	T	T	C
NZ_CP019267.1	2884464	C	A	C
NZ_CP019267.1	2888880	G	G	C
NZ_CP019267.1	2924314	T	C	T
NZ_CP019267.1	2937711	T	C,INS/T	T
NZ_CP019267.1	2955595	T	A	T
NZ_CP019267.1	3025726	G	A,G	G
NZ_CP019267.1	3036775	A	G	A
NZ_CP019267.1	3037722	G	G	A
NZ_CP019267.1	3122084	A	A,C/G	A
NZ_CP019267.1	3142658	C	C/A	A,C/G
NZ_CP019267.1	3143705	A	A	T
NZ_CP019267.1	3143919	G	A	G
NZ_CP019267.1	3209702	C	C	T
NZ_CP019267.1	3231309	G	A	G
NZ_CP019267.1	3231830	G	A	G
NZ_CP019267.1	3277155	G	A	G
NZ_CP019267.1	3379602	C	C/A	C,T
NZ_CP019267.1	3485904	A	G	A
NZ_CP019267.1	3485937	A	A	A,G
NZ_CP019267.1	3485946	G	G	A,G
NZ_CP019267.1	3485976	G	A	A,G
NZ_CP019267.1	3486008	G	A	A,G
NZ_CP019267.1	3486030	C	C	C,T
NZ_CP019267.1	3486048	C	C	C,T
NZ_CP019267.1	3486054	G	G	A,G
NZ_CP019267.1	3486096	T	C	C,T
NZ_CP019267.1	3486099	G	G	A,G
NZ_CP019267.1	3486135	G	A	G
NZ_CP019267.1	3486183	G	G	A
NZ_CP019267.1	3556334	G	G	A
NZ_CP019267.1	3565051	A	A,G	A/C,G
NZ_CP019267.1	3574110	T	A	T
NZ_CP019267.1	3625599	C	T	C
NZ_CP019267.1	3679921	T	T	A,T
NZ_CP019267.1	3774485	G	G	A
NZ_CP019267.1	3784210	A	A,G	A
NZ_CP019267.1	3873080	A	A	G
NZ_CP019267.1	3877069	C	T	C
NZ_CP019267.1	3953771	G	A	G
NZ_CP019267.1	3971913	G	A/C	G
NZ_CP019267.1	4062562	G	T	G
NZ_CP019267.1	4166384	C	A	C
NZ_CP019267.1	4184818	C	T	C
NZ_CP019267.1	4196216	A	A	G
NZ_CP019267.1	4196218	T	T	A
NZ_CP019267.1	4196223	T	T	C
NZ_CP019267.1	4196243	T	T	C
NZ_CP019267.1	4196254	T	T	A
NZ_CP019267.1	4199791	G	A,G	G
NZ_CP019267.1	4205722	T	C	T
NZ_CP019267.1	4276897	C	C	C,G
NZ_CP019267.1	4353273	C	C	T
NZ_CP019267.1	4358233	A	A/C	A,G/T
NZ_CP019267.1	4365418	C	C	G
NZ_CP019267.1	4375959	T	T	DEL
NZ_CP019267.1	4465867	G	G	A
NZ_CP019267.1	4487268	G	C	G
NZ_CP019267.1	4569686	G	A	G
NZ_CP019267.1	4639451	G	A,G	G
NZ_CP023386.1	2850263	G	G	A
NZ_CP027440.1	117562	A	G	A
NZ_CP027440.1	117565	G	A	G
NZ_CP027440.1	132815	C	T	C,T
NZ_CP027440.1	133173	T	C	T
NZ_CP027440.1	133217	C	T	C,T
NZ_CP027440.1	1012171	G	A	G
NZ_CP027440.1	1012904	T	T	C
NZ_CP027440.1	1042150	G	C	G
NZ_CP027440.1	1042173	T	A	T
NZ_CP027457.1	521734	C	C	T/C
NZ_CP027457.1	521793	G	A	G
NZ_CP027457.1	521829	G	A	G
NZ_CP027457.1	4417914	A	T	A
NZ_CP027457.1	4417917	C	G	C
NZ_CP027457.1	4417941	T	C	T
NZ_CP027457.1	4417951	C	T	C
NZ_CP027457.1	4417953	G	A	G
NZ_CP027457.1	4418095	G	A	G
NZ_CP027550.1	238936	C	C	T
NZ_CP027550.1	238942	G	A	G
NZ_CP027550.1	1530694	G	G	A
NZ_CP027550.1	3679621	C	T	C
NZ_CP027550.1	3679627	G	A	G
NZ_CP027550.1	3679680	C	T	C
NZ_CP027550.1	3679812	T	T	G
NZ_CP027550.1	3679848	G	A	G
NZ_CP027550.1	3684192	G	G	C
NZ_CP027550.1	3684807	C	T	C
NZ_CP027550.1	3684832	T	T	G/T
NZ_CP027550.1	3684835	G	G	C/G
NZ_CP028750.1	2786858	G	T	G
NZ_CP028750.1	2786864	A	T	A
NZ_CP028750.1	2786879	A	G	A
NZ_CP028750.1	2786881	G	G	A
NZ_CP028758.1	638605	T	T	C
NZ_CP030919.1	710235	C	C	T
NZ_CP030919.1	710247	T	C	T
NZ_CP030919.1	710274	C	G	C
NZ_CP030919.1	710277	A	A	T
NZ_CP030919.1	710286	C	T	C
NZ_CP030919.1	710297	T	C	T
NZ_CP030919.1	710319	C	C	T
NZ_CP030919.1	1963972	C	C	T
NZ_CP030919.1	1964005	G	T	G
NZ_CP035879.1	644277	A	G	A
NZ_CP035879.1	644279	G	T	G
NZ_CP035879.1	644298	A	G	A
NZ_CP035879.1	644304	T	C	T
NZ_CP035879.1	644542	G	INS/G	G
NZ_CP035879.1	821636	A	A	G
NZ_CP035879.1	821638	A	G	A
NZ_CP035879.1	821639	A	A	G
NZ_CP035879.1	821640	C	T	C
NZ_CP035879.1	821649	C	T	C
NZ_CP035879.1	821673	T	A	T
NZ_CP035879.1	821674	G	A	G
NZ_CP035879.1	821678	C	A	C
NZ_CP035879.1	821679	A	C	A
NZ_CP035879.1	822154	C	A	T
NZ_CP035879.1	822156	C	A	C
NZ_CP035879.1	822157	T	C	T
NZ_CP035879.1	822160	C	A	C
NZ_CP035879.1	822161	G	C	G
NZ_CP035879.1	822169	A	G	C
NZ_CP035879.1	822438	C	C	A
NZ_CP035879.1	822443	G	G	A
NZ_CP035879.1	824871	A	INS	A
NZ_CP035879.1	824877	T	DEL/C	T
NZ_CP035879.1	824894	C	T	C
NZ_CP035879.1	824910	C	T	C
NZ_CP035879.1	824915	A	G	A
NZ_CP035879.1	825640	A	T	A
NZ_CP035879.1	825662	G	A	G
NZ_CP035879.1	825664	G	A	G
NZ_CP035879.1	825746	G	A	G
NZ_CP035879.1	825749	A	C	A
NZ_CP035879.1	825773	G	A	G
NZ_CP035879.1	825809	C	A	C
NZ_CP035879.1	825818	G	A	G
NZ_CP035879.1	825849	C	C	T
NZ_CP035879.1	825855	C	C	T
NZ_CP035879.1	825865	G	T	G
NZ_CP035879.1	825878	A	G	A
NZ_CP035879.1	825881	A	G	A
NZ_CP035879.1	990421	T	T	G
NZ_CP035879.1	990432	T	T	C
NZ_CP035879.1	990436	C	C	T
NZ_CP035879.1	990443	G	G	A
NZ_CP035879.1	990444	C	C	T
NZ_CP035879.1	990449	A	A	G
NZ_CP035879.1	990451	A	A	C
NZ_CP035879.1	990453	A	A	G
NZ_CP035879.1	990454	A	A	T
NZ_CP035879.1	990456	T	T	A
NZ_CP035879.1	990481	T	C	T
NZ_CP035879.1	990504	A	A	G
NZ_CP035879.1	1419534	G	G	A
NZ_CP035879.1	1419574	G	A	G
NZ_CP035879.1	1419590	C	C	T
NZ_CP038383.1	1899952	C	C	T
NZ_CP038383.1	4863510	T	C	T
NZ_CP038383.1	4863523	A	G	A
NZ_CP038383.1	4863527	G	A	G
NZ_CP038383.1	4863539	T	C	T
NZ_CP038383.1	4863540	G	A	G
NZ_CP038383.1	5355625	A	A	G
NZ_CP038383.1	5378232	T	C	T
NZ_CP038383.1	5378250	G	A	G
NZ_CP038383.1	5378262	G	A	G
NZ_CP038383.1	5378277	A	A	G
NZ_CP038383.1	5378322	C	T	C
NZ_CP038383.1	5378349	G	G	A
NZ_CP038383.1	5378602	G	T	G
NZ_CP038383.1	5378607	C	C	T
NZ_CP045827.1	3455077	T	T	A,T
NZ_CP047600.1	9405	G	G	A
NZ_CP047600.1	9417	T	C	T
NZ_CP047600.1	15087	C	T	C
NZ_CP047600.1	15132	C	T	C
NZ_CP047600.1	24049	C	T	C
NZ_CP047600.1	492673	G	G	A
NZ_CP047600.1	492689	C	T	C
NZ_CP047600.1	492729	C	C	T
NZ_CP047600.1	492789	A	A	G
NZ_CP047600.1	492792	T	C	T
NZ_CP047600.1	492825	G	G	T
NZ_CP047600.1	492840	T	T	G
NZ_CP047600.1	492842	T	T	C
NZ_CP047600.1	654946	T	A	T
NZ_CP047600.1	659655	A	A	DEL
NZ_CP047600.1	1190804	A	A	G
NZ_CP047600.1	1208615	A	A	G
NZ_CP047600.1	1208618	G	G	A
NZ_CP047600.1	1209670	C	C	T
NZ_CP047600.1	1209700	C	C	T
NZ_CP047600.1	1209702	T	T	C
NZ_CP047600.1	1209734	C	C	T
NZ_CP047600.1	1209739	A	G	A
NZ_CP047600.1	4570943	G	A	G
NZ_CP047600.1	4570949	T	C	T
NZ_CP047600.1	4570958	C	T	C
NZ_CP047600.1	4570968	C	T	C
NZ_CP047600.1	4578704	C	A	C
NZ_CP047600.1	4578731	T	C	T
NZ_CP047600.1	4578842	A	T	A/T
NZ_CP047600.1	4578864	T	C	T
NZ_CP049204.1	3754406	G	G	C
NZ_CP054345.1	16936	C	C	T
NZ_CP054345.1	16939	C	T	C
NZ_CP054345.1	16963	C	T	C
NZ_CP054345.1	17017	T	C	T
NZ_CP054345.1	22795	T	G	T
NZ_CP054345.1	22800	G	A	G
NZ_CP054345.1	22804	G	A	G
NZ_CP054345.1	1488134	C	C	G
NZ_CP054345.1	1488149	G	G	C
NZ_CP054345.1	1488156	C	C	T
NZ_CP054345.1	1488162	A	A	G
NZ_CP054345.1	1488165	A	A	G
NZ_CP054345.1	2797650	A	A	G
NZ_CP054345.1	2797653	G	G	T
NZ_CP054345.1	4715927	C	A	C
NZ_CP054345.1	4715957	G	G	A
NZ_CP054345.1	4715977	G	G	INS
NZ_CP054345.1	4716000	C	C	T
NZ_CP068815.1	3934965	C	C	T
NZ_CP068815.1	4298253	T	C	T
NZ_CP069453.1	4469498	A	A	G
NZ_CP071375.1	1394683	T	A	T
NZ_CP071375.1	1394684	C	A	C
NZ_CP071375.1	1394686	A	G	A
NZ_CP071375.1	1394689	C	G	C
NZ_CP071375.1	1394692	T	G	T
NZ_CP071375.1	3130466	G	T	G
NZ_CP071375.1	3130469	G	T	G
NZ_CP071375.1	3130487	C	C	T
NZ_CP071375.1	3130490	G	T	G
NZ_CP071375.1	3130576	A	A	G
NZ_CP071375.1	3163233	C	C	A
NZ_CP073624.1	1882532	T	T	C
NZ_CP087290.1	2503120	G	G	A
NZ_CP087290.1	2503805	C	C	T
NZ_CP087290.1	2503843	G	A,G	G
NZ_CP087290.1	2517704	A	A	G
NZ_CP087290.1	2517707	C	C	T
NZ_CP087290.1	3492615	A	A	G
NZ_CP095448.1	3167068	T	A	T
NZ_CP095448.1	3167071	T	G	T
NZ_CP095448.1	3167093	C	A	C
NZ_CP095448.1	3891377	G	G	A
NZ_CP095448.1	3891390	G	A	G
NZ_CP095533.1	789017	C	T	C
NZ_CP095533.1	2074778	T	C	T
NZ_CP095533.1	2092339	G	A	G
NZ_CP095533.1	2092366	C	T	C
NZ_CP095533.1	2104102	C	C	A
NZ_CP095533.1	2106300	G	G/C	A/G
NZ_CP095540.1	1356805	G	A	A,G
NZ_CP098206.1	4805924	T	T	G
NZ_CP098206.1	4817732	C	T	C
NZ_CP098206.1	4818238	T	C	T
NZ_CP098206.1	4818250	A	A	G
NZ_CP098206.1	4818660	C	T	C
NZ_CP098206.1	4830109	C	T	C
NZ_CP098206.1	4830133	A	G	A
NZ_CP098206.1	4830162	T	A	T
NZ_CP098206.1	4830165	T	G	T
NZ_CP098206.1	4830187	C	A	C
NZ_CP098206.1	4830384	C	C	A
NZ_CP098206.1	4830389	G	T	G
NZ_CP098223.1	2934389	A	G	A
NZ_CP098223.1	2934994	C	C	T
NZ_CP100500.1	3989721	T	C	T
NZ_CP104371.1	3707776	G	G	C/G
NZ_CP104371.1	4613483	A	A	C
NZ_CP104371.1	4613485	A	A	G
NZ_CP104598.1	362	T	C	T
NZ_CP104598.1	368	C	G	C
NZ_CP104598.1	6892	T	C	T
NZ_CP104598.1	6907	C	G	C
NZ_CP104598.1	6940	C	T	C
NZ_CP104598.1	6988	C	G	C
NZ_CP104598.1	19744	G	G	T
NZ_CP104598.1	19747	T	T	C
NZ_CP104598.1	19750	A	A	G
NZ_CP104598.1	19751	A	A	T
NZ_CP104598.1	23297	C	T	C
NZ_CP104598.1	23312	A	T	G
NZ_CP104598.1	2685835	A	A	G
NZ_CP104598.1	2690462	A	A	T
NZ_CP104598.1	2690465	C	C	A
NZ_CP104598.1	2704311	T	T	C
NZ_CP104598.1	2704344	G	C	G
NZ_CP104598.1	2756545	T	A	A,T
NZ_CP104598.1	2756546	A	C	A
NZ_CP104598.1	2757161	A	G	A
NZ_CP104598.1	2758007	C	G	C
NZ_CP106924.1	2111436	C	T	C
NZ_CP106924.1	3214291	A	A	C
NZ_CP106924.1	3214297	A	A	C
NZ_CP106924.1	3214300	C	A	C
NZ_CP110511.1	14477	A	G	A
NZ_CP110511.1	14479	G	A	G
NZ_CP110511.1	14480	T	G	T
NZ_CP110511.1	14483	G	T	G
NZ_CP110511.1	14499	T	C	T
NZ_CP110511.1	14515	C	T	C
NZ_CP110511.1	15441	C	C	T
NZ_CP110511.1	15442	C	A	C
NZ_CP110511.1	15458	T	C	T
NZ_CP110511.1	15459	C	C	T
NZ_CP110511.1	26747	C	C	T
NZ_CP110511.1	100328	C	T	C
NZ_CP110511.1	432846	C	T	C
NZ_CP128931.1	6004	T	T	G
NZ_CP128931.1	1393092	C	A	C
NZ_CP128931.1	1667958	G	A	G
NZ_CP128931.1	1667961	C	C	T
NZ_CP128931.1	1667964	A	A	C
NZ_CP128931.1	1667967	C	C	T
NZ_CP128931.1	1667994	T	C	T
NZ_CP128931.1	1667997	G	A	G
NZ_CP128931.1	1668000	C	T	C
NZ_CP128931.1	1668008	T	C	T
NZ_CP128931.1	1668009	C	T	C
NZ_CP128931.1	1668013	C	A	C
NZ_CP128931.1	1668025	C	T	C
NZ_CP128931.1	1668030	C	T	C
NZ_CP128931.1	1668045	A	G	A
NZ_CP128931.1	1668051	A	INS	A
NZ_CP128931.1	1668054	T	G	T
NZ_CP128931.1	1668056	A	G	A
NZ_CP128931.1	1668057	T	G	T
NZ_CP128931.1	1668058	A	G	A
NZ_CP128931.1	1668066	C	C	T
NZ_CP128931.1	1668080	C	A	C
NZ_CP128931.1	1668081	A	T	A
NZ_CP128931.1	1668086	A	T	A
NZ_CP128931.1	1668091	G	A	G
NZ_CP128931.1	1670608	A	G	A
NZ_CP128931.1	1670620	C	C	T
NZ_CP128931.1	1670621	C	C	T
NZ_CP128931.1	1670643	C	G	C
NZ_CP128931.1	1670646	C	T	C
NZ_CP128931.1	1673665	A	A	T/A
NZ_CP128931.1	1673699	G	G	A/G
NZ_CP128931.1	1674148	C	C	T
NZ_CP128931.1	1674175	G	G	T
NZ_CP128931.1	1674180	A	A	G
NZ_CP128931.1	1674181	T	C	G
NZ_CP128931.1	1674182	G	A	G
NZ_CP128931.1	1674206	T	T	C
NZ_CP128931.1	1907059	C	T	C
NZ_CP128931.1	1907545	C	T	C
NZ_CP128931.1	1907548	T	A	T
NZ_CP128931.1	1907554	T	G	T
NZ_CP128970.1	2008416	A	G	A
NZ_CP135649.1	4716487	A	C	A
NZ_CP138428.1	100349	A	G	A
NZ_CP138428.1	100354	C	C	T
NZ_CP138428.1	100358	A	T	A
NZ_CP138428.1	109979	G	G	C
NZ_CP141765.1	663892	A	G	A
NZ_CP141765.1	2770759	C	C	T/C
