NZ_AP021933.1	4643923	T	T	C
NZ_AP027258.1	928885	A	G	A
NZ_AP027258.1	3980222	C	T	C
NZ_CP007390.1	3590700	C	T	C
NZ_CP007390.1	4063928	T	C	T
NZ_CP007390.1	4063936	C	DEL	C
NZ_CP007390.1	4063937	C	DEL	C
NZ_CP007390.1	4063938	G	DEL	G
NZ_CP007390.1	4063939	C	DEL	C
NZ_CP007390.1	4063940	C	DEL	C
NZ_CP007390.1	4063946	C	C	DEL
NZ_CP007390.1	4063947	C	C	DEL
NZ_CP007390.1	4063948	G	G	DEL
NZ_CP007390.1	4063949	T	T	DEL
NZ_CP007390.1	4063950	T	T	DEL
NZ_CP007390.1	4066357	T	G	T
NZ_CP007390.1	4066363	G	C	G
NZ_CP007390.1	4067436	A	G	A
NZ_CP007390.1	4067439	G	A	G
NZ_CP007390.1	4068355	T	A	T
NZ_CP007390.1	4068356	C	A	C
NZ_CP007390.1	4068367	G	A	G
NZ_CP007390.1	4068370	T	C	T
NZ_CP007390.1	4068371	C	T	C
NZ_CP007390.1	4069179	A	T	A
NZ_CP007390.1	4069185	T	G	T
NZ_CP007390.1	4069187	T	C	T
NZ_CP007390.1	4104299	T	T	A,T
NZ_CP019267.1	170342	G	A	G
NZ_CP019267.1	184111	T	T	C
NZ_CP019267.1	300999	A	A	DEL
NZ_CP019267.1	444344	C	C/DEL	C,DEL
NZ_CP019267.1	511336	C	C	C,T
NZ_CP019267.1	594430	G	T	G
NZ_CP019267.1	595325	A	A	G/A
NZ_CP019267.1	595416	A	G	A
NZ_CP019267.1	678971	C	C	T
NZ_CP019267.1	730002	G	G,T/C	G
NZ_CP019267.1	913890	A	G	A
NZ_CP019267.1	982703	A	A,DEL	A/DEL
NZ_CP019267.1	982704	T	T,DEL	T/DEL
NZ_CP019267.1	982705	T	T,DEL	T/DEL
NZ_CP019267.1	982706	A	A,DEL	A/DEL
NZ_CP019267.1	982707	A	A,DEL	A/DEL
NZ_CP019267.1	982708	A	A,DEL	A/DEL
NZ_CP019267.1	983094	G	A	G
NZ_CP019267.1	1093275	G	A	G
NZ_CP019267.1	1093395	A	G	A
NZ_CP019267.1	1093431	G	A	G
NZ_CP019267.1	1093461	T	C	T
NZ_CP019267.1	1093530	G	T	G
NZ_CP019267.1	1275524	C	T	C
NZ_CP019267.1	1667631	C	C,T	C
NZ_CP019267.1	1921140	G	G	A/G
NZ_CP019267.1	1929655	A	G	A
NZ_CP019267.1	1929868	T	T	G,T
NZ_CP019267.1	1973417	G	G	A
NZ_CP019267.1	2043227	C	T	C
NZ_CP019267.1	2384362	C	C	T/C
NZ_CP019267.1	2432710	G	G	T
NZ_CP019267.1	2432935	C	C	A
NZ_CP019267.1	2462222	A	A	G
NZ_CP019267.1	2867141	C	G	C
NZ_CP019267.1	2937711	T	C,INS/T	T
NZ_CP019267.1	3025726	G	A,G	G
NZ_CP019267.1	3143919	G	A	G
NZ_CP019267.1	3150994	G	G	A
NZ_CP019267.1	3286643	C	C	A,C
NZ_CP019267.1	3339871	T	T	C
NZ_CP019267.1	3364200	T	T	C,T
NZ_CP019267.1	3364267	A	A	DEL
NZ_CP019267.1	3378032	C	T	C
NZ_CP019267.1	3395379	T	T	A
NZ_CP019267.1	3460128	G	A	G/A
NZ_CP019267.1	4176859	A	T	A
NZ_CP019267.1	4252102	C	C	T/C
NZ_CP019267.1	4490093	G	G	A/G
NZ_CP019267.1	4601682	G	G	DEL
NZ_CP019267.1	4639451	G	A,G	G
NZ_CP019267.1	4681304	C	C/G	A
NZ_CP019267.1	4681896	A	C	A
NZ_CP027440.1	1012471	T	C	T
NZ_CP027550.1	2239897	C	A	G
NZ_CP027550.1	3692079	T	G	T
NZ_CP035879.1	821638	A	G	A
NZ_CP035879.1	821639	A	A	G
NZ_CP035879.1	821640	C	T	C
NZ_CP035879.1	821649	C	T	C
NZ_CP035879.1	821673	T	A	T
NZ_CP035879.1	821674	G	A	G
NZ_CP035879.1	821678	C	A	C
NZ_CP035879.1	821679	A	C	A
NZ_CP035879.1	822274	G	A	G
NZ_CP035879.1	822296	T	C	T
NZ_CP035879.1	822315	G	A	G
NZ_CP035879.1	822362	G	G	A
NZ_CP035879.1	822549	C	C	C,T
NZ_CP035879.1	822586	G	A	A,C
NZ_CP035879.1	822606	G	G	C,G
NZ_CP035879.1	822607	A	G	A,G
NZ_CP035879.1	822619	T	C	T/C
NZ_CP035879.1	824871	A	INS	A
NZ_CP035879.1	824877	T	DEL/C	T
NZ_CP035879.1	824894	C	T	C
NZ_CP035879.1	824910	C	T	C
NZ_CP035879.1	824915	A	G	A
NZ_CP035879.1	825640	A	T	A
NZ_CP035879.1	825662	G	A	G
NZ_CP035879.1	825737	G	G	A
NZ_CP035879.1	825746	G	A	G
NZ_CP035879.1	825749	A	C	A
NZ_CP035879.1	825773	G	A	G
NZ_CP035879.1	990370	G	G	A
NZ_CP035879.1	990387	A	A	G
NZ_CP035879.1	990388	C	C	G
NZ_CP035879.1	990402	C	C	A
NZ_CP035879.1	990404	T	T	C
NZ_CP035879.1	990421	T	T	G,T
NZ_CP035879.1	990456	T	T	A
NZ_CP035879.1	990478	C	C	T/C
NZ_CP035879.1	990537	C	C	T
NZ_CP035879.1	1304533	G	C	G
NZ_CP035879.1	1304553	G	C	G
NZ_CP035879.1	1304555	C	A	C
NZ_CP035879.1	1304563	A	C	A
NZ_CP035879.1	1304572	A	G	A
NZ_CP035879.1	1304573	C	T	C
NZ_CP035879.1	1304577	C	T	C
NZ_CP035879.1	1304579	T	G	T
NZ_CP035879.1	1304581	G	T	G
NZ_CP035879.1	1304583	T	C	T
NZ_CP035879.1	1304586	G	A	G
NZ_CP035879.1	1304596	T	A	T
NZ_CP035879.1	1304606	G	T	G
NZ_CP035879.1	1304612	G	T	G
NZ_CP035879.1	1305238	T	A	T
NZ_CP035879.1	1305406	T	A	T
NZ_CP035879.1	1306308	A	G	A
NZ_CP035879.1	4262223	C	T	C
NZ_CP035879.1	4262231	C	T	C
NZ_CP035879.1	4262234	C	T	C
NZ_CP045827.1	2233034	C	A	C
NZ_CP045827.1	2233051	G	G	A
NZ_CP045827.1	2233082	C	T	C
NZ_CP045827.1	2233091	G	T	G
NZ_CP045827.1	4788899	A	C	A
NZ_CP045827.1	4788911	C	T	C
NZ_CP047600.1	655104	G	A	G
NZ_CP051751.1	891159	C	T	C
NZ_CP051751.1	891183	C	T	C
NZ_CP051751.1	891204	T	C/A	T
NZ_CP068815.1	4533461	G	A	G
NZ_CP069453.1	3194593	G	C	G
NZ_CP080260.1	143804	T	G	T
NZ_CP080260.1	143818	T	G	T
NZ_CP080260.1	144204	G	G	INS
NZ_CP080260.1	144205	C	DEL	C
NZ_CP081698.1	1826458	C	C	C,T
NZ_CP081698.1	1826467	C	T	C
NZ_CP081698.1	1826572	T	C	T
NZ_CP081698.1	1826596	G	A	G
NZ_CP082774.1	2468018	G	A	G
NZ_CP082774.1	3063061	A	T	A
NZ_CP095448.1	4554991	C	T	C
NZ_CP095448.1	4555004	C	T	C
NZ_CP095448.1	4556700	G	A	G
NZ_CP095448.1	4556706	A	G	A
NZ_CP095448.1	4556713	G	T	G
NZ_CP095533.1	2106243	G	G	A
NZ_CP106924.1	3146605	C	A	C
NZ_CP106924.1	3146614	G	A	G
NZ_CP106924.1	3146620	G	T	G
NZ_CP106924.1	3146623	T	A	T
NZ_CP106924.1	3146632	G	C	G
NZ_CP106924.1	3146641	A	G	A
NZ_CP106924.1	3146647	A	G	A
NZ_CP106924.1	3146659	A	G	A
NZ_CP106924.1	3146671	G	A	G
NZ_CP106924.1	3146683	G	A	G
NZ_CP106924.1	3146695	T	C	T
NZ_CP106924.1	3146701	G	C	G
NZ_CP106924.1	3146705	G	T	G
NZ_CP106924.1	3146706	G	C	G
NZ_CP106924.1	3146707	C	A	C
NZ_CP106924.1	3146709	T	A	T
NZ_CP106924.1	3146722	G	A	G
NZ_CP106924.1	3146796	G	A	G
NZ_CP106924.1	3146800	G	A	G
NZ_CP106924.1	3146818	A	G	A
NZ_CP106924.1	3146821	G	A	G
NZ_CP106924.1	3146833	T	A	T
NZ_CP106924.1	3146836	C	A	C
NZ_CP106924.1	3146839	A	C	A
NZ_CP106924.1	3146845	A	C	A
NZ_CP106924.1	3146851	A	T	A
NZ_CP106924.1	3146857	G	A	G
NZ_CP106924.1	3146863	A	C	A
NZ_CP106924.1	3146869	G	C	G
NZ_CP106924.1	3146872	A	G	A
NZ_CP106924.1	3146875	A	C	A
NZ_CP106924.1	3146878	G	T	G
NZ_CP106924.1	3146884	G	T	G
NZ_CP106924.1	3146890	C	T	C
NZ_CP106924.1	3146908	G	A	G
NZ_CP106924.1	3146911	A	G	A
NZ_CP106924.1	3146920	G	A	G
NZ_CP106924.1	3146929	G	T	G
NZ_CP106924.1	3146932	G	A	G
NZ_CP106924.1	3146934	A	T	A
NZ_CP106924.1	3148378	G	A	G
NZ_CP106924.1	3148383	A	T	A
NZ_CP106924.1	3148414	A	G	A
NZ_CP106924.1	3148420	A	T	A
NZ_CP106924.1	3148429	G	A	G
NZ_CP106924.1	3148444	A	G	A
NZ_CP106924.1	3148458	G	T	G
NZ_CP106924.1	3148467	T	G	T
NZ_CP106924.1	3148468	T	A	T
NZ_CP106924.1	3148477	A	G	A
NZ_CP106924.1	3148480	C	T	C
NZ_CP106924.1	3148513	A	G	A
NZ_CP106924.1	3148534	A	G	A
NZ_CP106924.1	3150285	A	G/T	A
NZ_CP106924.1	3150294	A	G	A
NZ_CP106924.1	3150303	G	A	G
NZ_CP106924.1	3150318	G	T	G
NZ_CP106924.1	3150332	A	G	A
NZ_CP106924.1	3150339	C	G	C
NZ_CP106924.1	3150342	A	G	A
NZ_CP106924.1	3150345	A	G	A
NZ_CP106924.1	3150347	C	T	C
NZ_CP106924.1	3150348	C	T	C
NZ_CP106924.1	3150351	A	G	A
NZ_CP106924.1	3151071	T	C	T
NZ_CP106924.1	3151080	A	G	A
NZ_CP106924.1	3151093	C	T	C
NZ_CP106924.1	3151742	T	C	T
NZ_CP106924.1	3151745	T	C	T
NZ_CP106924.1	3151748	C	T	C
NZ_CP106924.1	3151751	C	T	C
NZ_CP106924.1	3151757	C	T	C
NZ_CP106924.1	3151769	T	C	T
NZ_CP106924.1	3151776	G	A	G
NZ_CP106924.1	3151778	A	T	A
NZ_CP106924.1	3151791	A	G	A
NZ_CP106924.1	3151795	A	G	A
NZ_CP106924.1	3151818	T	G	T
NZ_CP106924.1	3151821	T	A	T
NZ_CP106924.1	3151857	C	T	C
NZ_CP106924.1	3151860	C	T	C
NZ_CP106924.1	3152253	G	A	G
NZ_CP106924.1	3152259	T	G	T
NZ_CP106924.1	3152262	G	A	G
NZ_CP106924.1	3152301	C	T	C
NZ_CP106924.1	3152307	A	T	A
NZ_CP106924.1	3152316	T	C	T
NZ_CP106924.1	3153722	T	A	T
NZ_CP106924.1	3153742	C	T	C
NZ_CP110511.1	432846	C	T	C
NZ_CP128931.1	1670608	A	G	A,G
NZ_CP128931.1	1670620	C	C	C,T
NZ_CP128931.1	1670621	C	C	C,T
NZ_CP128931.1	1670643	C	G	C
NZ_CP128931.1	1670644	G	A	G/A
NZ_CP128931.1	1670646	C	T	C
NZ_CP128931.1	1673350	A	G	A
NZ_CP128931.1	1673352	T	A	T
NZ_CP134358.1	1887601	C	T	C
NZ_CP138428.1	2652298	G	T	G/T
NZ_CP141765.1	3881886	G	C	G
NZ_LR134231.1	760071	C	T	C
