NC_011601.1	874198	T	T	G
NC_011601.1	2218710	A	G	A
NC_011601.1	2813896	C	C	A
NC_017646.1	2412731	G	A	G
NC_017646.1	2958433	G	A	G
NC_017646.1	2958454	T	C	T
NC_017646.1	2958670	C	C	A
NC_017646.1	2960593	G	T/G	G
NC_017646.1	2960618	T	A,T	T
NC_017646.1	2961066	G	A	G
NC_017646.1	2961118	T	T	C
NC_017646.1	2961209	C	T	C
NC_017646.1	2962106	A	A	C
NC_017646.1	2974604	A	A/T	G
NC_017646.1	2974634	C	A/C	C
NC_017646.1	2974727	C	C	A
NC_017646.1	2974734	T	T	C
NC_017646.1	2974781	G	G	A
NC_017646.1	2974805	C	A	C
NC_017646.1	2974811	A	G	A
NC_017646.1	2974903	T	C	T
NC_017646.1	2974924	A	C	A
NC_017646.1	2974925	T	A	T
NC_017646.1	2974937	C	T	C
NC_017646.1	2974989	T	C	T
NC_017646.1	2974996	T	T	C
NC_017646.1	2975147	A	G	A
NC_017646.1	2975287	C	T	C
NC_017646.1	2977853	C	T	C
NC_017646.1	2978271	G	C	T
NC_017646.1	2978331	C	C	T
NZ_AP027258.1	1141039	C	C,T	C
NZ_AP027258.1	1141073	C	T/C	C
NZ_AP027258.1	2318828	A	A/G	G
NZ_AP027258.1	4168157	G	G	A
NZ_CP007390.1	4042481	C	T/C	C
NZ_CP007390.1	4042649	G	A,G	G
NZ_CP007390.1	4042711	T	G,T	T
NZ_CP007390.1	4059017	C	A,C	C
NZ_CP007390.1	4059018	A	A,G	A
NZ_CP007390.1	4059019	C	C,G	C
NZ_CP007390.1	4059035	G	G	A
NZ_CP007390.1	4059039	A	A	G
NZ_CP007390.1	4059060	C	C,T	C
NZ_CP007390.1	4059068	A	A,G	A
NZ_CP007390.1	4059069	A	A,G	A
NZ_CP007390.1	4059123	G	A,G	G
NZ_CP007390.1	4059127	A	A,G	A
NZ_CP007390.1	4059306	G	A,G	G
NZ_CP007390.1	4059331	C	C,T	C
NZ_CP007390.1	4059341	T	T,DEL	T
NZ_CP007390.1	4059342	C	C,DEL	C
NZ_CP007390.1	4059343	T	T,DEL	T
NZ_CP007390.1	4059344	G	G,DEL	G
NZ_CP007390.1	4059345	A	A,DEL	A
NZ_CP007390.1	4059346	C	C,DEL	C
NZ_CP007390.1	4062591	C	C,T	C
NZ_CP007390.1	4062597	G	A,G	G
NZ_CP007390.1	4062604	T	C,T	T
NZ_CP007390.1	4062624	T	C/T	T
NZ_CP007390.1	4063261	A	A,G	A
NZ_CP007390.1	4063271	G	G,T/DEL	G
NZ_CP007390.1	4063290	A	C/G	A
NZ_CP007390.1	4063729	G	A,G	A/G
NZ_CP007390.1	4063750	G	A,G,T	G
NZ_CP007390.1	4063752	G	A,G	G
NZ_CP007390.1	4063770	G	G,INS	G
NZ_CP007390.1	4063783	C	C,T	T
NZ_CP007390.1	4063785	A	A,T	A
NZ_CP007390.1	4063788	G	G,DEL	DEL
NZ_CP007390.1	4063789	T	G,DEL/C,T	DEL
NZ_CP007390.1	4063790	C	C,T,DEL	DEL
NZ_CP007390.1	4063791	G	G,DEL	DEL
NZ_CP007390.1	4063792	G	G,DEL	DEL
NZ_CP007390.1	4063793	A	A,DEL	DEL
NZ_CP007390.1	4063794	G	G,DEL	DEL
NZ_CP007390.1	4063800	T	A,T/G	A
NZ_CP007390.1	4063801	A	A,INS	INS
NZ_CP007390.1	4063812	T	A,T	A
NZ_CP007390.1	4063813	G	A,G	G
NZ_CP007390.1	4063815	C	C,T	C
NZ_CP007390.1	4063818	A	A,G	G
NZ_CP007390.1	4063830	C	C,T	C
NZ_CP007390.1	4063842	G	A,G	G
NZ_CP007390.1	4067626	A	DEL/A	A
NZ_CP007390.1	4067627	G	DEL/G	G
NZ_CP007390.1	4067628	T	DEL/T	T
NZ_CP007390.1	4067629	A	DEL/A	A
NZ_CP007390.1	4067635	A	INS/A	A
NZ_CP007390.1	4067647	C	DEL/C	T
NZ_CP007390.1	4067648	A	DEL/A	A
NZ_CP007390.1	4067662	C	C,INS	C
NZ_CP007390.1	4067670	A	A,DEL	A
NZ_CP007390.1	4067672	T	A,T	T
NZ_CP007390.1	4067674	C	A,C	C
NZ_CP007390.1	4067973	A	A,G	A
NZ_CP007390.1	4067992	A	A,G	A
NZ_CP007390.1	4067993	T	C,T	T
NZ_CP007390.1	4067994	G	A,G	G
NZ_CP007390.1	4067997	G	A,G	G
NZ_CP007390.1	4068015	T	A,T	T
NZ_CP007390.1	4068019	T	T,INS	T
NZ_CP007390.1	4068020	T	C,T	T
NZ_CP007390.1	4068029	T	C,T	T
NZ_CP007390.1	4068032	T	A,T	T
NZ_CP007390.1	4068039	T	C,T	T
NZ_CP007390.1	4068041	A	A,G	A
NZ_CP007390.1	4068058	C	C,T	C
NZ_CP007390.1	4068097	G	G,T	G
NZ_CP007390.1	4068105	C	C,INS	C
NZ_CP007390.1	4068116	C	C,G	C
NZ_CP007390.1	4068121	C	A,C/T	C
NZ_CP007390.1	4068192	G	G,DEL	G
NZ_CP007390.1	4068715	A	A,C	G
NZ_CP007390.1	4068716	G	G	A
NZ_CP007390.1	4068761	C	A,C	C
NZ_CP007390.1	4068762	A	A,G	A
NZ_CP007390.1	4068782	C	A,C	C
NZ_CP007390.1	4068831	C	T	C
NZ_CP007390.1	4068833	C	T	C
NZ_CP007390.1	4068843	G	A	G
NZ_CP007390.1	4068844	C	A	C
NZ_CP007390.1	4068860	A	G	A
NZ_CP007390.1	4069108	C	C	T
NZ_CP007390.1	4069137	A	A,T	A
NZ_CP007390.1	4069141	C	C	INS
NZ_CP007390.1	4069142	G	DEL/A,G	G
NZ_CP007390.1	4069231	T	C,T	T
NZ_CP007390.1	4069243	C	C	C,T
NZ_CP007390.1	4070213	T	T	G,T
NZ_CP007390.1	4070242	G	A,G	G
NZ_CP007390.1	4070285	C	C	C,T
NZ_CP007390.1	4070312	C	C,T	C
NZ_CP007390.1	4070317	T	C,T	T
NZ_CP007390.1	4070352	C	C,G	C
NZ_CP007390.1	4070353	C	C,G	C
NZ_CP007390.1	4070590	C	T	C/T
NZ_CP007390.1	4070602	A	G	A/G
NZ_CP007390.1	4070632	A	G	A
NZ_CP007390.1	4070638	C	T	C
NZ_CP007390.1	4070646	G	A	G
NZ_CP007390.1	4070680	G	A	G
NZ_CP007390.1	4070737	G	G/A	A,G
NZ_CP007390.1	4070755	A	G	A,G
NZ_CP007390.1	4070770	G	A/G	G
NZ_CP007390.1	4070776	G	G/A	A,G
NZ_CP007390.1	4070778	C	C/T	C,T
NZ_CP007390.1	4070782	T	T/C	C,T
NZ_CP007390.1	4070784	C	C/G	C,G
NZ_CP007390.1	4070792	C	C/T	C,T
NZ_CP007390.1	4070795	T	C/T	T
NZ_CP007390.1	4070816	G	G	A,G
NZ_CP007390.1	4070827	C	C,T	T
NZ_CP007390.1	4070840	T	C,T	C
NZ_CP007390.1	4070854	A	A,T	T
NZ_CP007390.1	4070862	G	G,T	T
NZ_CP007390.1	4070874	C	C,T	C
NZ_CP007390.1	4070876	T	C,T	C
NZ_CP007390.1	4070882	A	A,G	A
NZ_CP007390.1	4070884	A	A,T	A
NZ_CP007390.1	4070886	T	A,T	A
NZ_CP007390.1	4070898	A	A,G	G
NZ_CP007390.1	4070909	C	C,T	C
NZ_CP007390.1	4070931	C	A/C	C
NZ_CP007390.1	4072081	A	G	A
NZ_CP007390.1	4072224	A	G	A
NZ_CP007390.1	4072282	C	C	T
NZ_CP007390.1	4072285	C	C	A
NZ_CP007390.1	4072295	C	C	G
NZ_CP007390.1	4072330	T	T	C
NZ_CP007390.1	4072348	A	A	G
NZ_CP007390.1	4072393	C	C	T
NZ_CP007390.1	4072459	G	G	A
NZ_CP007390.1	4072479	A	A	G
NZ_CP007390.1	4072501	C	C	T
NZ_CP007390.1	4072523	A	A	G
NZ_CP007390.1	4072541	G	G	A
NZ_CP007390.1	4072927	T	C	T
NZ_CP007390.1	4073011	A	G	A/G
NZ_CP007390.1	4073013	T	T,INS	T/INS
NZ_CP007390.1	4073016	C	C,INS	C
NZ_CP007390.1	4073020	A	A,INS	A
NZ_CP007390.1	4073021	C	C,G	C/G
NZ_CP007390.1	4073022	A	A,T	A/T
NZ_CP007390.1	4073023	G	G,INS	G
NZ_CP007390.1	4073024	A	G,DEL	G/DEL
NZ_CP007390.1	4073026	C	T	C/T
NZ_CP007390.1	4073101	T	C,T	T
NZ_CP007390.1	4075061	A	A/C	C/A
NZ_CP007390.1	4075115	T	C,T	T
NZ_CP007390.1	4076280	G	A,G	G
NZ_CP007390.1	4076281	T	C,T	T
NZ_CP007390.1	4076291	C	C,T	C
NZ_CP007390.1	4076292	G	A,G	G
NZ_CP007390.1	4076302	G	A/G	G
NZ_CP007390.1	4076357	C	T/C	C
NZ_CP007390.1	4076881	G	A	G
NZ_CP007390.1	4076886	G	A	G/A
NZ_CP007390.1	4076892	C	G	C/A
NZ_CP007390.1	4076896	G	A	G/A
NZ_CP007390.1	4076912	C	A	C
NZ_CP007390.1	4076926	T	C	T
NZ_CP007390.1	4076933	G	A	G/A
NZ_CP007390.1	4076958	C	T	C
NZ_CP007390.1	4076960	G	A	G
NZ_CP007390.1	4076963	A	G	A
NZ_CP007390.1	4077162	G	G	T
NZ_CP007390.1	4077203	G	A/G	G/A
NZ_CP007390.1	4077282	G	G	A,G
NZ_CP007390.1	4077335	C	G	C
NZ_CP007390.1	4077362	C	T	C
NZ_CP007390.1	4077364	G	A	G
NZ_CP007390.1	4077394	C	C	T/C
NZ_CP007390.1	4077395	C	A	C
NZ_CP007390.1	4077448	A	A	G/A
NZ_CP007390.1	4077577	T	C,T	C
NZ_CP007390.1	4077595	T	C,T	C
NZ_CP007390.1	4077599	A	A,T	T/A
NZ_CP007390.1	4077636	G	A,G	G
NZ_CP007390.1	4077657	A	A	G
NZ_CP007390.1	4077719	G	G	A,G
NZ_CP007390.1	4077722	T	T	A,T
NZ_CP007390.1	4077734	C	C	T/C
NZ_CP007390.1	4077761	C	C	T
NZ_CP007390.1	4077849	C	C	T
NZ_CP007390.1	4077866	A	A	T
NZ_CP007390.1	4078147	A	A	A,G
NZ_CP007390.1	4078807	G	G	A,G
NZ_CP007390.1	4078810	T	T	C,T
NZ_CP007390.1	4078811	A	A	A,T
NZ_CP007390.1	4078849	C	T	C,T
NZ_CP007390.1	4078888	G	T	G
NZ_CP007390.1	4078891	G	C	G
NZ_CP007390.1	4078894	G	T	G
NZ_CP007390.1	4078897	A	T	A
NZ_CP007390.1	4078900	G	C	G
NZ_CP007390.1	4078903	G	C	G
NZ_CP007390.1	4078906	C	A	C
NZ_CP007390.1	4078908	G	A	G
NZ_CP007390.1	4078909	T	A	T
NZ_CP007390.1	4078913	A	A	A,G
NZ_CP007390.1	4078924	G	A/G	G
NZ_CP007390.1	4078939	C	T/C	C
NZ_CP007390.1	4078942	T	C/T	T
NZ_CP007390.1	4078948	T	G/T	T
NZ_CP007390.1	4078969	C	C	C,T
NZ_CP007390.1	4078975	C	T/C	C
NZ_CP007390.1	4079002	T	T	C,T
NZ_CP007390.1	4079224	T	C	C,T
NZ_CP007390.1	4079227	G	A,G	G
NZ_CP007390.1	4079767	C	C	C,T
NZ_CP007390.1	4079810	C	C,T	C
NZ_CP007390.1	4079821	A	A	A,C
NZ_CP007390.1	4079866	C	C	C,T
NZ_CP007390.1	4079908	C	C,G	C
NZ_CP007390.1	4079911	G	C,G	G
NZ_CP007390.1	4079914	G	A,G	G
NZ_CP007390.1	4079938	T	T	C/T
NZ_CP007390.1	4079968	T	C,T	T/C
NZ_CP007390.1	4079992	T	C/T	T/C
NZ_CP007390.1	4079999	T	T	C/T
NZ_CP007390.1	4080119	G	A,G	G
NZ_CP007390.1	4080159	A	A	G/A
NZ_CP007390.1	4080361	C	C	T
NZ_CP007390.1	4080390	A	C/A	A
NZ_CP007390.1	4080391	C	T	C
NZ_CP007390.1	4080418	A	A	G/A
NZ_CP007390.1	4080421	C	C	G/C
NZ_CP007390.1	4080520	A	A	A,C
NZ_CP007390.1	4080562	T	T/A	G
NZ_CP007390.1	4080571	G	G	A,G
NZ_CP007390.1	4080634	C	T	C
NZ_CP007390.1	4080641	C	T	C
NZ_CP007390.1	4080643	G	A	G
NZ_CP007390.1	4080645	A	T	A
NZ_CP007390.1	4080646	T	C	T
NZ_CP007390.1	4080835	T	C	T
NZ_CP007390.1	4080837	A	G	A
NZ_CP007390.1	4080838	A	G	A
NZ_CP007390.1	4080844	G	C	G
NZ_CP007390.1	4080886	G	A	G
NZ_CP007390.1	4080907	G	C	G
NZ_CP007390.1	4081094	T	T	C
NZ_CP007390.1	4081097	C	C,T	C
NZ_CP007390.1	4081164	G	G/A	A
NZ_CP007390.1	4082020	A	G	A,G
NZ_CP007390.1	4082023	G	G	A,G
NZ_CP007390.1	4082863	T	C	T
NZ_CP007390.1	4082899	T	C	T/C
NZ_CP007390.1	4083208	G	A/G	G
NZ_CP007390.1	4083255	G	G/C	A,G
NZ_CP007390.1	4083294	C	C,G	C
NZ_CP007390.1	4083315	A	C/A	A,T
NZ_CP007390.1	4083318	C	G/C	C
NZ_CP007390.1	4083324	A	A	A,G
NZ_CP007390.1	4083345	T	T	C,T
NZ_CP007390.1	4083355	A	A	A,G
NZ_CP007390.1	4083360	C	C	C,G
NZ_CP007390.1	4083366	A	A	A,C
NZ_CP007390.1	4083373	C	C	C,T
NZ_CP007390.1	4083396	G	A	A,G
NZ_CP007390.1	4083418	C	T	C
NZ_CP007390.1	4083450	T	T	C,T
NZ_CP007390.1	4083453	A	A	A,G
NZ_CP007390.1	4083459	A	A	A,C
NZ_CP007390.1	4083477	T	T	C,T
NZ_CP007390.1	4083483	A	A	A,G
NZ_CP007390.1	4083484	T	T	C,T
NZ_CP007390.1	4083516	C	A	C/A
NZ_CP007390.1	4083538	G	A	G
NZ_CP007390.1	4083677	C	T	C
NZ_CP007390.1	4083707	A	A	G
NZ_CP007390.1	4083788	T	C,T	C
NZ_CP007390.1	4085048	A	A,G	A
NZ_CP007390.1	4085093	A	A,G/T	A
NZ_CP007390.1	4085096	G	A,G	G
NZ_CP007390.1	4085126	T	C/T	C,T
NZ_CP007390.1	4085144	C	C	C,T
NZ_CP007390.1	4085651	C	C	A,C
NZ_CP007390.1	4085653	T	T	C,T
NZ_CP007390.1	4085667	G	G	A,G
NZ_CP007390.1	4085741	A	A	A,G
NZ_CP007390.1	4085999	G	G	A,G
NZ_CP007390.1	4086194	C	C	C,G
NZ_CP007390.1	4086457	A	A,G	G
NZ_CP007390.1	4086672	G	G	T
NZ_CP007390.1	4086673	G	T	G
NZ_CP007390.1	4086705	T	G	T
NZ_CP007390.1	4086835	G	A	G
NZ_CP007390.1	4087123	C	T	C
NZ_CP007390.1	4087160	A	C	A,C
NZ_CP007390.1	4087191	T	C	C,T
NZ_CP007390.1	4087197	C	T	C/T
NZ_CP007390.1	4087202	T	C	T/C
NZ_CP007390.1	4087203	T	C	T/C
NZ_CP007390.1	4087205	T	G	T/G
NZ_CP007390.1	4087209	C	T	C/T
NZ_CP007390.1	4087210	C	T	C/T
NZ_CP007390.1	4087211	C	T	C/T
NZ_CP007390.1	4087217	C	A	C/A
NZ_CP007390.1	4087220	G	A	G/A
NZ_CP007390.1	4087221	C	T	C/T
NZ_CP007390.1	4087222	A	G	A/G
NZ_CP007390.1	4087226	G	A	G/A
NZ_CP007390.1	4087228	T	A	T/A
NZ_CP007390.1	4087230	C	G	C/G
NZ_CP007390.1	4087231	C	T	C/T
NZ_CP007390.1	4087290	C	C	C,T
NZ_CP007390.1	4087314	G	A	G/A
NZ_CP007390.1	4087339	A	G	A,G
NZ_CP007390.1	4087342	C	T	C,T
NZ_CP007390.1	4087432	T	C/T	T
NZ_CP007390.1	4087456	A	G/A	A
NZ_CP007390.1	4087460	C	T/C	C
NZ_CP007390.1	4087470	A	A,T	A
NZ_CP007390.1	4088121	A	A,G	A
NZ_CP007390.1	4088174	G	A,G	G
NZ_CP007390.1	4088179	T	C	T
NZ_CP007390.1	4088233	G	A,G	G
NZ_CP007390.1	4088263	C	C,T	C
NZ_CP007390.1	4088287	T	T	C,T
NZ_CP007390.1	4088314	C	C,T	C
NZ_CP007390.1	4088317	G	G	G,T
NZ_CP007390.1	4088620	T	C/T	T
NZ_CP007390.1	4088792	C	T	C
NZ_CP007390.1	4089591	C	C/T	C,T
NZ_CP007390.1	4089594	G	A,G	G
NZ_CP007390.1	4089609	C	C/T	C,T
NZ_CP007390.1	4089610	A	A,G	A
NZ_CP007390.1	4089669	A	A,G	A
NZ_CP007390.1	4089684	G	A,G	G
NZ_CP007390.1	4089924	G	A,G	G
NZ_CP007390.1	4089945	C	C,T	C
NZ_CP007390.1	4089972	T	C,T	C
NZ_CP007390.1	4090011	G	G/A	A
NZ_CP007390.1	4090080	C	A	C
NZ_CP007390.1	4090110	T	T/C	C
NZ_CP007390.1	4090299	G	A,G	G
NZ_CP007390.1	4090314	G	A,G	A
NZ_CP007390.1	4090501	A	A	C
NZ_CP007390.1	4090503	G	G	C
NZ_CP007390.1	4090524	C	C	T
NZ_CP007390.1	4091127	C	C	C,T
NZ_CP007390.1	4091214	A	A	T
NZ_CP007390.1	4091215	A	A	C
NZ_CP007390.1	4091216	G	G	A
NZ_CP007390.1	4091217	A	A	G
NZ_CP007390.1	4091229	A	A	C
NZ_CP007390.1	4091243	G	G	C
NZ_CP007390.1	4091250	G	G	C/G
NZ_CP007390.1	4091262	C	C	A
NZ_CP007390.1	4091311	G	G	A,G
NZ_CP007390.1	4091313	T	T	A
NZ_CP007390.1	4091316	C	C	A
NZ_CP007390.1	4091317	G	G	T
NZ_CP007390.1	4091322	T	T	C
NZ_CP007390.1	4091472	T	C/T	T
NZ_CP007390.1	4091478	G	A/G	G
NZ_CP007390.1	4091556	A	A,G	A/G
NZ_CP007390.1	4091895	T	C	C,T
NZ_CP007390.1	4091904	G	G	A,G
NZ_CP007390.1	4091922	G	T	G
NZ_CP007390.1	4091949	T	G/T	T
NZ_CP007390.1	4092024	A	C/A	A
NZ_CP007390.1	4092051	A	G/A	A,G
NZ_CP007390.1	4092066	A	A	A,G
NZ_CP007390.1	4092069	A	A/G	G
NZ_CP007390.1	4093024	A	A	A,G
NZ_CP007390.1	4093025	A	A	A,C
NZ_CP007390.1	4093083	A	A/G	G/A
NZ_CP007390.1	4093308	C	T	C,T
NZ_CP007390.1	4093413	C	C	T
NZ_CP007390.1	4093492	T	A/T	T/A
NZ_CP007390.1	4093493	T	C/T	T/C
NZ_CP007390.1	4093494	A	C/A	A/C
NZ_CP007390.1	4093497	T	G/T	T/G
NZ_CP007390.1	4093500	C	A/C	C/A
NZ_CP007390.1	4093525	G	T/G	G,T
NZ_CP007390.1	4093561	A	A,G	G
NZ_CP007390.1	4093562	A	A	A,G
NZ_CP007390.1	4093563	A	A,T	A,C
NZ_CP007390.1	4093586	T	C,T	T
NZ_CP007390.1	4093725	C	C,T	T
NZ_CP007390.1	4094019	T	T	G,T
NZ_CP007390.1	4094022	T	C,T	T
NZ_CP007390.1	4094043	T	T	C,T
NZ_CP007390.1	4094058	A	A/T	A,T
NZ_CP007390.1	4094073	C	C	C,T
NZ_CP007390.1	4094091	A	T	A,T
NZ_CP007390.1	4094382	T	A,T	T
NZ_CP007390.1	4094550	G	G,T	G
NZ_CP007390.1	4094636	A	G	A
NZ_CP007390.1	4094673	C	C	C,T
NZ_CP007390.1	4094679	A	A	A,G
NZ_CP007390.1	4094724	C	C	C,T
NZ_CP007390.1	4095231	G	A,G	G
NZ_CP007390.1	4095285	T	C,T	T
NZ_CP007390.1	4095370	T	C,T	T
NZ_CP007390.1	4096172	C	C,T	T
NZ_CP007390.1	4096174	G	A,G	A
NZ_CP007390.1	4096586	C	C	C,T
NZ_CP007390.1	4096976	A	A	G
NZ_CP007390.1	4096985	C	T	C
NZ_CP007390.1	4097048	C	T	C
NZ_CP007390.1	4097061	A	A	G
NZ_CP007390.1	4097069	T	C	T
NZ_CP007390.1	4097963	A	A,C	A
NZ_CP007390.1	4097988	A	A,T	A
NZ_CP007390.1	4098014	C	T/C	C
NZ_CP007390.1	4098032	T	A,T	T
NZ_CP007390.1	4098038	T	C,T	C
NZ_CP007390.1	4098041	T	C,T	C
NZ_CP007390.1	4098081	C	C,T	C
NZ_CP007390.1	4098101	T	A,T	A
NZ_CP007390.1	4098113	A	A	C
NZ_CP007390.1	4098530	T	T	G
NZ_CP007390.1	4098551	C	T/C	C
NZ_CP007390.1	4098557	T	T	C,T
NZ_CP007390.1	4098563	C	G	C
NZ_CP007390.1	4098573	G	G	C
NZ_CP007390.1	4098623	A	G	A/G
NZ_CP007390.1	4098818	G	A,G	G
NZ_CP007390.1	4098900	T	T	C,T
NZ_CP007390.1	4098920	A	G/A	A
NZ_CP007390.1	4098926	C	C,T/G	G,T
NZ_CP007390.1	4098935	T	T	C,T
NZ_CP007390.1	4098941	T	G,T	T
NZ_CP007390.1	4098991	A	A,C	C,G
NZ_CP007390.1	4099010	C	C,T	T
NZ_CP007390.1	4099013	G	G,T	G
NZ_CP007390.1	4099022	T	G,T/C	G
NZ_CP007390.1	4099037	G	G	G,T
NZ_CP007390.1	4099070	G	A/G	A,G
NZ_CP007390.1	4099180	A	A	A,G
NZ_CP007390.1	4099527	A	A,G	A
NZ_CP007390.1	4099535	G	A,G	G
NZ_CP007390.1	4099541	A	A	A,C
NZ_CP007390.1	4099544	C	C,T	C
NZ_CP007390.1	4099562	C	C,T	C/G
NZ_CP007390.1	4099607	G	A,G	A
NZ_CP007390.1	4099898	G	A,G	G
NZ_CP007390.1	4099934	C	C,T	C
NZ_CP007390.1	4100038	C	C,T	C
NZ_CP007390.1	4100045	A	A,G	A
NZ_CP007390.1	4100048	G	G	A,G
NZ_CP007390.1	4100054	C	C	T
NZ_CP007390.1	4100072	G	G,T/A	C,G
NZ_CP007390.1	4100075	G	G,T	G
NZ_CP007390.1	4100081	A	A	C/A
NZ_CP007390.1	4100105	C	A,C	C
NZ_CP007390.1	4100108	C	T/C	C
NZ_CP007390.1	4100116	G	A,G	G/A
NZ_CP007390.1	4100123	G	A,G	G
NZ_CP007390.1	4100135	C	C,T	C
NZ_CP007390.1	4100141	C	C/T	C,T
NZ_CP007390.1	4100156	C	C/T	C,T
NZ_CP007390.1	4100831	T	T	C,T
NZ_CP007390.1	4100836	C	C,T	C
NZ_CP007390.1	4100842	A	A	A,G
NZ_CP007390.1	4100846	C	C,T	C/G
NZ_CP007390.1	4100858	A	A,T	A,G
NZ_CP007390.1	4100867	T	C/T	T
NZ_CP007390.1	4100870	C	C,T	C
NZ_CP007390.1	4100873	A	G	A
NZ_CP007390.1	4100891	A	A	A,G
NZ_CP007390.1	4100902	G	G	A,G
NZ_CP007390.1	4101035	G	G	A,G
NZ_CP007390.1	4101045	A	G,T	A,G
NZ_CP007390.1	4101047	T	A/T	T
NZ_CP007390.1	4101049	C	C	A,C
NZ_CP007390.1	4101052	T	T	C,T
NZ_CP007390.1	4101053	A	A	A,T
NZ_CP007390.1	4101054	A	A/T	A,T
NZ_CP007390.1	4101086	A	G,T	G
NZ_CP007390.1	4101096	C	C,T	T
NZ_CP007390.1	4101116	G	G,T	G
NZ_CP007390.1	4101120	C	A,C	C
NZ_CP007390.1	4101125	G	A,G	G
NZ_CP007390.1	4101126	G	A,G/T	G
NZ_CP007390.1	4101131	C	C,T	C
NZ_CP007390.1	4101288	C	C	A
NZ_CP007390.1	4101315	G	G	T
NZ_CP007390.1	4101481	C	C	A/C
NZ_CP007390.1	4101483	T	C,T	T
NZ_CP007390.1	4101487	G	A,G	G
NZ_CP007390.1	4101496	C	A,C	C
NZ_CP007390.1	4101501	G	G	A
NZ_CP007390.1	4101502	G	G,T	C
NZ_CP007390.1	4101503	T	A,C	C
NZ_CP007390.1	4101531	A	A/G	G/A
NZ_CP007390.1	4101532	G	G	A
NZ_CP007390.1	4101534	G	G/T	T
NZ_CP007390.1	4101540	T	C	T
NZ_CP007390.1	4101549	A	G	A
NZ_CP007390.1	4101603	A	A,G	A
NZ_CP007390.1	4101606	T	G,T	G
NZ_CP007390.1	4101608	C	C,T	C
NZ_CP007390.1	4101623	C	C,T	C
NZ_CP007390.1	4101628	T	A,T	T
NZ_CP007390.1	4101641	G	C,G	G
NZ_CP007390.1	4101642	T	C,T	T
NZ_CP007390.1	4101643	G	G,T	G
NZ_CP007390.1	4101652	A	A,T	A
NZ_CP007390.1	4101654	T	A,C	A
NZ_CP007390.1	4101666	A	G,T	T
NZ_CP007390.1	4101667	C	C,T	C
NZ_CP007390.1	4101669	C	C,G	T
NZ_CP007390.1	4101840	C	C	A
NZ_CP007390.1	4101855	C	C	T
NZ_CP007390.1	4101891	C	C/G	G
NZ_CP007390.1	4101900	G	G	A
NZ_CP007390.1	4101927	A	A,G	G
NZ_CP007390.1	4101940	A	A,G	G
NZ_CP007390.1	4101941	C	C,T	T
NZ_CP007390.1	4101942	G	A,G	A
NZ_CP007390.1	4101948	T	C,T	C
NZ_CP007390.1	4101951	C	C,T	C
NZ_CP007390.1	4102086	A	A/G	G
NZ_CP007390.1	4102089	A	A,DEL	A
NZ_CP007390.1	4102090	G	G,DEL	G
NZ_CP007390.1	4102092	G	G	A,G
NZ_CP007390.1	4102094	A	G,INS/A	A
NZ_CP007390.1	4102095	G	A,G	G
NZ_CP007390.1	4102097	C	C	C,T
NZ_CP007390.1	4102098	G	A,G	G
NZ_CP007390.1	4102480	G	C,G	G
NZ_CP007390.1	4102491	G	A,G	A
NZ_CP007390.1	4102494	G	G,T	G
NZ_CP007390.1	4102498	C	C,T	C
NZ_CP007390.1	4102520	C	C,T	C
NZ_CP007390.1	4102532	A	A,C	C
NZ_CP007390.1	4104337	A	A/G	G/A
NZ_CP007390.1	4104347	T	C,T	C
NZ_CP007390.1	4104822	C	C/T	T/C
NZ_CP007390.1	4104824	G	G/T	T/G
NZ_CP007390.1	4104839	T	T/C	C
NZ_CP007390.1	4104865	C	C,T	C
NZ_CP007390.1	4104867	T	T/G	G
NZ_CP007390.1	4104872	A	A/G	G
NZ_CP007390.1	4104877	G	A,G	G
NZ_CP007390.1	4104884	T	C,T	T
NZ_CP007390.1	4104905	G	A,G	G
NZ_CP007390.1	4104935	T	C,T	T
NZ_CP007390.1	4105013	T	G/T	G,T
NZ_CP007390.1	4105047	A	G/A	A,G
NZ_CP007390.1	4105067	C	C,T	C
NZ_CP007390.1	4105085	G	G	A,G
NZ_CP007390.1	4105097	T	C,T	T
NZ_CP007390.1	4105124	T	C,T	T/C
NZ_CP007390.1	4105126	A	A,G	A/G
NZ_CP007390.1	4105128	G	C	C,G
NZ_CP007390.1	4105145	C	C,T	C/T
NZ_CP007390.1	4105154	G	A,G	G
NZ_CP007390.1	4105202	C	C	C,T
NZ_CP007390.1	4105234	C	C,T	C
NZ_CP007390.1	4105240	T	A,T	A
NZ_CP007390.1	4105268	C	C,T	C
NZ_CP007390.1	4105275	T	C,T	C
NZ_CP007390.1	4105282	C	C	C,T
NZ_CP007390.1	4105286	A	A,C,T	C,T
NZ_CP007390.1	4105288	A	A,T/G	A
NZ_CP007390.1	4105292	C	A,C	C
NZ_CP007390.1	4105301	T	G,T/A	T
NZ_CP007390.1	4105303	A	A	A,G
NZ_CP007390.1	4105308	C	C,T	C
NZ_CP007390.1	4105309	A	A,G	A
NZ_CP007390.1	4105318	A	A,G	A
NZ_CP007390.1	4105321	C	C	T/C
NZ_CP007390.1	4105324	C	C,T	C
NZ_CP007390.1	4105329	T	T	C
NZ_CP007390.1	4105334	C	C,T	C
NZ_CP007390.1	4105336	G	C,G	C
NZ_CP007390.1	4105337	C	C	T
NZ_CP007390.1	4105341	T	A,T	T
NZ_CP007390.1	4105353	C	T,DEL	T
NZ_CP007390.1	4105354	C	C,T/G	T
NZ_CP007390.1	4105356	C	C,T	C
NZ_CP007390.1	4105366	C	C,T	C/T
NZ_CP007390.1	4105370	A	A,G	A
NZ_CP007390.1	4105379	G	C,G	G
NZ_CP007390.1	4105380	C	C,T	C
NZ_CP007390.1	4105382	T	C,T	T
NZ_CP007390.1	4105393	G	C,G/T	G/T
NZ_CP007390.1	4105413	A	A,T	A
NZ_CP007390.1	4105424	G	A,G	G/A
NZ_CP007390.1	4105432	C	C	C,G
NZ_CP007390.1	4105445	C	C,T	C
NZ_CP007390.1	4105450	C	A,C	C
NZ_CP007390.1	4105451	A	A	A,G
NZ_CP007390.1	4105454	T	C,T	T
NZ_CP007390.1	4105471	C	A,C/T	C
NZ_CP007390.1	4105475	T	C/T	C,T
NZ_CP007390.1	4105507	T	A,T	T
NZ_CP007390.1	4105530	T	C,T	T
NZ_CP007390.1	4105534	T	C,T	T
NZ_CP007390.1	4105557	C	C,T	C
NZ_CP007390.1	4105564	C	C,G,T	C/T
NZ_CP007390.1	4105567	C	C,T	C
NZ_CP007390.1	4105576	T	T	G
NZ_CP007390.1	4105577	G	G	A
NZ_CP007390.1	4105586	G	G,T	G
NZ_CP007390.1	4105626	G	G	A
NZ_CP007390.1	4105630	C	A,T	C
NZ_CP007390.1	4106020	A	A,G	A
NZ_CP007390.1	4106021	C	C,T	C
NZ_CP007390.1	4106023	C	C,T	C
NZ_CP007390.1	4106025	T	G,T	G
NZ_CP007390.1	4106028	A	A,G	A
NZ_CP007390.1	4106029	T	C,T	T
NZ_CP007390.1	4106032	T	C,T	C
NZ_CP007390.1	4106040	A	A,C	C
NZ_CP007390.1	4106043	A	A,G	A
NZ_CP007390.1	4106045	A	A,C	C
NZ_CP019267.1	539648	A	A,T	A
NZ_CP019267.1	716597	C	C,T	C
NZ_CP019267.1	782349	C	C,T	C
NZ_CP019267.1	854360	G	A,G	G
NZ_CP019267.1	982702	T	T,INS	T
NZ_CP019267.1	982703	A	A,DEL	DEL
NZ_CP019267.1	982704	T	T,DEL	DEL
NZ_CP019267.1	982705	T	T,DEL	DEL
NZ_CP019267.1	982706	A	A,DEL	DEL
NZ_CP019267.1	982707	A	A,DEL	DEL
NZ_CP019267.1	982708	A	A,DEL	DEL
NZ_CP019267.1	1356343	A	A,T	A
NZ_CP019267.1	1367266	G	G,DEL	G
NZ_CP019267.1	1577792	A	A,T	T
NZ_CP019267.1	1577793	T	C,T	C
NZ_CP019267.1	1577807	G	A,G	A
NZ_CP019267.1	1609924	C	C	A
NZ_CP019267.1	1611632	G	G,INS	G
NZ_CP019267.1	1624112	G	A,G	G
NZ_CP019267.1	1682759	G	A,G	G
NZ_CP019267.1	1683503	G	A,G	G
NZ_CP019267.1	1695645	G	A/G	G
NZ_CP019267.1	1816673	A	A,G	A
NZ_CP019267.1	1937367	C	C,T	C
NZ_CP019267.1	2007554	G	G,T	G
NZ_CP019267.1	2038677	G	G,T	G
NZ_CP019267.1	2085756	A	A,C	A
NZ_CP019267.1	2150723	T	C,T	T/C
NZ_CP019267.1	2150772	C	A,C	C
NZ_CP019267.1	2166670	C	C	T
NZ_CP019267.1	2168078	G	A,G	G
NZ_CP019267.1	2318855	T	T	T,DEL
NZ_CP019267.1	2356372	T	T	C
NZ_CP019267.1	2373424	G	G	A
NZ_CP019267.1	2375688	A	A,G	A
NZ_CP019267.1	2375796	A	A,G	A
NZ_CP019267.1	2379761	A	A,G	A
NZ_CP019267.1	2379781	C	C,T	C
NZ_CP019267.1	2405200	T	G,T	T
NZ_CP019267.1	2438603	T	A,T	T
NZ_CP019267.1	2563937	A	A,G	A
NZ_CP019267.1	2571709	G	A,G	G
NZ_CP019267.1	2678863	C	C,T	C
NZ_CP019267.1	2706300	C	C,T	C
NZ_CP019267.1	2779093	C	C	T
NZ_CP019267.1	2788386	C	C,T	C
NZ_CP019267.1	2801451	G	G	A
NZ_CP019267.1	2824727	G	G	A
NZ_CP019267.1	2827864	C	C,T	C
NZ_CP019267.1	2918226	T	A,T	T
NZ_CP019267.1	2946741	C	C	C,DEL
NZ_CP019267.1	2946742	A	A	A,DEL
NZ_CP019267.1	2982962	T	T	C
NZ_CP019267.1	2982992	T	T	G
NZ_CP019267.1	2983096	C	C	T/C
NZ_CP019267.1	2983320	G	G	A,G
NZ_CP019267.1	2983398	C	C	C,T
NZ_CP019267.1	2983419	C	C	C,T
NZ_CP019267.1	2983597	C	A/C	C
NZ_CP019267.1	2984167	C	C	T
NZ_CP019267.1	2984194	A	A	G
NZ_CP019267.1	2984196	A	A	DEL
NZ_CP019267.1	3056344	A	A,C	A
NZ_CP019267.1	3127157	G	G,T	G
NZ_CP019267.1	3359309	C	A,C	C
NZ_CP019267.1	3361101	G	G	A,G
NZ_CP019267.1	3361471	G	A,G	G
NZ_CP019267.1	3382178	G	C,G	G
NZ_CP019267.1	3382239	A	G/A	A
NZ_CP019267.1	3552043	C	C,T	C
NZ_CP019267.1	3592670	A	A,C	A
NZ_CP019267.1	3592720	A	A,G	A
NZ_CP019267.1	3748859	G	G,T	G
NZ_CP019267.1	3758597	C	C,T	C
NZ_CP019267.1	3789226	C	C	C,T
NZ_CP019267.1	3789256	C	C	C,T
NZ_CP019267.1	3795581	C	C,T	C
NZ_CP019267.1	3795959	G	G	A
NZ_CP019267.1	3925781	C	C,T	C
NZ_CP019267.1	3926224	A	A	A,G
NZ_CP019267.1	4050186	T	T	C
NZ_CP019267.1	4061512	T	A,T	T
NZ_CP019267.1	4224200	G	G	A
NZ_CP019267.1	4270389	G	A,G	G
NZ_CP019267.1	4274933	T	T	DEL
NZ_CP019267.1	4363253	G	G	A
NZ_CP019267.1	4367646	A	A	G
NZ_CP019267.1	4382673	C	C	T
NZ_CP019267.1	4435612	C	C	T
NZ_CP019267.1	4486375	C	C	A,C
NZ_CP019267.1	4503559	G	A,G	G
NZ_CP019267.1	4513053	A	A	DEL/C
NZ_CP019267.1	4718966	C	C	T
NZ_CP019267.1	4721114	G	C,G	G
NZ_CP027440.1	1030780	A	A	T
NZ_CP027457.1	244446	G	G	T
NZ_CP027457.1	244511	C	C	A
NZ_CP027457.1	244533	G	G	A
NZ_CP027457.1	245949	T	T	C
NZ_CP027457.1	4404384	G	G,T	G
NZ_CP027550.1	4593658	T	C	T
NZ_CP027550.1	4593663	G	A	G
NZ_CP027550.1	4593715	A	T	A
NZ_CP028750.1	2788496	C	C	G
NZ_CP028750.1	2788508	G	A/G	G
NZ_CP030919.1	334747	A	A,T	A
NZ_CP030919.1	4808921	C	DEL	C
NZ_CP030919.1	4808932	T	G	T
NZ_CP035879.1	408492	G	A,G	A
NZ_CP035879.1	408494	C	C,T	T
NZ_CP035879.1	408497	T	C,T	C
NZ_CP035879.1	1455510	T	T	G
NZ_CP035879.1	1455522	A	A	C
NZ_CP035879.1	1455524	G	G	A
NZ_CP035879.1	1455548	G	G	A
NZ_CP035879.1	1464450	C	A,C	C
NZ_CP035879.1	1464486	G	G/A	C
NZ_CP035879.1	1464507	C	C,T/A	C
NZ_CP035879.1	3129477	A	A	G
NZ_CP035879.1	3129480	G	G	T
NZ_CP038383.1	1892377	T	C	T
NZ_CP038383.1	1892610	G	A,G	G
NZ_CP038383.1	1892635	G	A,G	A
NZ_CP038383.1	2045172	G	C	G
NZ_CP038383.1	2045200	T	G	T
NZ_CP045827.1	3452609	G	T	G
NZ_CP045827.1	3452612	C	T	C
NZ_CP045827.1	3452621	G	G	A
NZ_CP045827.1	3452732	G	G	A
NZ_CP045827.1	3452741	A	A	G
NZ_CP045827.1	3452756	T	T	A
NZ_CP045827.1	3452782	C	C,T	C
NZ_CP045827.1	3452786	A	A,G	A
NZ_CP045827.1	3452825	T	G,T	T
NZ_CP045827.1	3452843	G	G	A
NZ_CP045827.1	5495571	G	G	DEL
NZ_CP047600.1	1268073	G	A,G	G
NZ_CP053730.1	562592	G	A,G	G
NZ_CP053730.1	3602840	G	G	A
NZ_CP053730.1	3602847	A	A	C
NZ_CP053730.1	4451839	T	C,T	T
NZ_CP068815.1	3283668	T	C	T
NZ_CP068815.1	3283707	G	A	G
NZ_CP068815.1	3283713	T	A	T
NZ_CP068815.1	3283716	T	C	T
NZ_CP068815.1	3283722	G	A	G
NZ_CP068815.1	3283725	T	C	T
NZ_CP068815.1	3878716	C	T	C
NZ_CP069559.1	4163697	T	C	T
NZ_CP069559.1	4163700	G	T	G
NZ_CP069559.1	4173962	G	G	A
NZ_CP069559.1	4173968	A	A	G
NZ_CP069559.1	4174007	T	T	A
NZ_CP073624.1	1904843	C	C,G	C
NZ_CP073624.1	3878664	A	A	C
NZ_CP073624.1	3878807	C	C	A
NZ_CP073624.1	3878968	C	C	A
NZ_CP073624.1	3879006	C	C,T	T
NZ_CP073624.1	3879332	G	G	T
NZ_CP081698.1	1827013	T	C	T
NZ_CP081698.1	1827100	C	C	T
NZ_CP081698.1	1827109	G	A	G
NZ_CP081698.1	1827151	A	A	G
NZ_CP082774.1	774583	G	C/G	G
NZ_CP082774.1	889816	G	C	G
NZ_CP088131.1	1201686	G	A	G
NZ_CP088131.1	1201710	A	G	A
NZ_CP088131.1	1201715	T	C	T
NZ_CP088131.1	1201734	G	T	G
NZ_CP088131.1	1201825	C	G	C
NZ_CP088131.1	1202886	G	C/G	G
NZ_CP088131.1	1202890	G	A/G	G
NZ_CP088131.1	1204562	G	T	G
NZ_CP088131.1	1204569	G	A	G
NZ_CP088131.1	1204571	C	T	C
NZ_CP088131.1	1204594	G	A	G
NZ_CP088131.1	1204600	C	T	C
NZ_CP088131.1	1204619	T	C	T
NZ_CP088131.1	1204638	C	T	C
NZ_CP088131.1	1204646	T	C	T
NZ_CP088131.1	1204651	G	T	G
NZ_CP088131.1	1204878	A	G/A	A
NZ_CP088131.1	1204985	G	G,T	G
NZ_CP088131.1	1204988	G	A,G	G
NZ_CP088131.1	1204994	A	A,C	A
NZ_CP088131.1	1205002	T	A,T	T
NZ_CP088131.1	1205009	A	G/A	A
NZ_CP088131.1	1205140	C	C,G	C
NZ_CP088131.1	1205153	A	A,G	A
NZ_CP088131.1	1205156	A	A,C	A
NZ_CP088131.1	1205165	T	C,T	T
NZ_CP088131.1	1205166	T	C,T	T
NZ_CP088131.1	1205167	T	G,T	T
NZ_CP088131.1	1205171	T	G,T	T
NZ_CP088131.1	1205174	G	C,G	G
NZ_CP088131.1	1205179	C	C,G	C
NZ_CP088131.1	1205183	T	G,T	T
NZ_CP088131.1	1205186	T	G,T	T
NZ_CP088131.1	1205187	G	C,G	G
NZ_CP088131.1	1205188	C	C,G	C
NZ_CP088131.1	1205195	G	A,G	G
NZ_CP088131.1	1205201	T	A,T	T
NZ_CP088131.1	1205210	T	C,T	T
NZ_CP088131.1	1205216	A	A,G	A
NZ_CP088131.1	1205222	T	A,G	T
NZ_CP088131.1	1205225	A	G	A
NZ_CP088131.1	1205231	C	C,T	C
NZ_CP088131.1	1205234	C	C,T	C
NZ_CP088131.1	1205248	C	A	C
NZ_CP088131.1	1205255	T	T/DEL	G
NZ_CP088131.1	1205279	T	G,T	T
NZ_CP088131.1	1205282	T	A,T	T
NZ_CP088131.1	1205288	A	G	A
NZ_CP088131.1	1205300	G	G,T	G
NZ_CP088131.1	1205305	C	A,C	C
NZ_CP088131.1	1205306	A	A,G	A
NZ_CP095448.1	1454780	A	G	A
NZ_CP095448.1	1455217	A	C	A
NZ_CP095448.1	1455316	A	T	A
NZ_CP095448.1	1455317	G	A	G
NZ_CP095448.1	1470348	T	T	C
NZ_CP095448.1	1470363	G	G	A
NZ_CP095448.1	1470369	G	G	A
NZ_CP095448.1	1470378	C	C,T	C
NZ_CP095448.1	1471625	C	C	A
NZ_CP095448.1	1471651	C	T/C	C
NZ_CP095448.1	1471734	A	C/A	A
NZ_CP095448.1	3846452	C	C	T
NZ_CP095448.1	3856640	T	G	T
NZ_CP095448.1	3856674	T	C	T
NZ_CP095533.1	3388644	C	T	C
NZ_CP095533.1	3388658	T	C	T
NZ_CP095533.1	3388677	G	A/G	G
NZ_CP095533.1	3903896	C	C	T
NZ_CP095533.1	3903987	A	G	A
NZ_CP095533.1	3903998	A	A	C
NZ_CP095533.1	3904000	A	A	C
NZ_CP095533.1	3904019	G	G	A
NZ_CP095533.1	3904028	G	G	A
NZ_CP095533.1	3904064	A	A	G
NZ_CP095533.1	3904073	A	A	C
NZ_CP095533.1	3911413	G	T	G
NZ_CP095533.1	3911419	A	A	G
NZ_CP095533.1	3911429	G	A	G
NZ_CP095533.1	3911434	A	T	A
NZ_CP095533.1	3911443	C	A	C
NZ_CP095533.1	3911479	G	A	G
NZ_CP095533.1	3911545	T	C	T
NZ_CP095533.1	3911575	A	A	C
NZ_CP095533.1	3915480	T	T	C
NZ_CP095533.1	3915500	G	T	G
NZ_CP095533.1	3920116	G	T	G
NZ_CP095533.1	3922997	G	G	A
NZ_CP095533.1	3923078	A	A	G
NZ_CP095533.1	3923182	G	G/T	T
NZ_CP095533.1	3923293	A	A	G
NZ_CP095533.1	3923375	G	G	A
NZ_CP095533.1	3923579	G	G	T
NZ_CP095533.1	3924600	C	C	T
NZ_CP104598.1	2658535	G	G	A
NZ_CP106924.1	19070	C	A,C	A
NZ_CP106924.1	2456798	T	C/T	T
NZ_CP106924.1	2472953	G	G	A
NZ_CP106924.1	3215394	G	G	A
NZ_CP110511.1	2014407	C	C,T	C
NZ_CP128931.1	430504	G	A	G
NZ_CP128970.1	2012312	T	T/C	C
NZ_CP128970.1	2012360	C	C	G
NZ_CP135649.1	274905	A	G	A
NZ_CP135649.1	486865	A	A,C	A
NZ_CP135649.1	1195174	C	T	C
NZ_CP135649.1	1208968	A	T	A,T
NZ_CP135649.1	1208983	C	T	C
NZ_CP135649.1	1208989	C	T	C
NZ_CP135649.1	1208995	G	A	A,G
NZ_CP135649.1	1209004	C	T	C,T
NZ_CP135649.1	1209040	A	G	A,G
NZ_CP135649.1	1209053	G	G	A,G
NZ_CP135649.1	1209106	G	G	A/G
NZ_CP135649.1	2326083	T	T	C
NZ_CP135649.1	2599464	A	T	A
NZ_CP135649.1	2599523	T	T	A
NZ_CP135649.1	2599575	G	A	G
NZ_CP138428.1	3406085	T	C,T	T
NZ_CP142442.1	2017565	A	T	A
NZ_CP142442.1	2017577	C	T	C
NZ_CP142442.1	2017607	T	C	T
NZ_CP142442.1	2017610	G	A	G
NZ_CP142442.1	2017658	C	T	C
NZ_LR134231.1	78001	A	C/A	A
NZ_LR134231.1	78010	G	A/G	G
NZ_LR134231.1	78026	G	A/G	G
NZ_LR134231.1	78030	A	G/A	A
NZ_LR134231.1	78032	A	G/A	A
NZ_LR134231.1	78052	G	A/G	G
NZ_LR134231.1	78058	G	A/G	G
NZ_LR134231.1	78064	C	T/C	C
NZ_LR134231.1	78073	C	T/C	C
NZ_LR134231.1	488242	T	A,T	T
NZ_LR134231.1	735606	C	C,T	C
NZ_LR134231.1	1220546	G	G	C
NZ_LR134231.1	2250305	A	A	G
NZ_LR134231.1	4279623	T	T	A
