NC_011601.1	865712	A	T	A
NC_011601.1	865714	C	T	C
NC_011601.1	865718	C	C	A
NC_011601.1	865723	G	G	A
NC_011601.1	867520	G	G	T
NC_011601.1	886447	G	A,G	G
NC_011601.1	886476	T	A,T	T
NC_011601.1	4864154	A	A	G/A
NC_011601.1	4868462	C	C	T
NC_017646.1	1761073	A	A	T
NC_017646.1	1761138	C	T	C
NC_017646.1	1761207	C	T	C
NC_017646.1	1761215	A	G	A
NC_017646.1	1761218	C	T	C
NC_017646.1	1761221	C	A	C
NC_017646.1	1761223	G	T	G
NC_017646.1	1785544	T	T	C
NC_017646.1	2357383	G	A	G
NC_017646.1	2357404	T	T	C
NC_017646.1	2357431	T	T	A
NC_017646.1	2357432	A	G	A
NC_017646.1	2357434	G	G	A
NC_017646.1	2412708	T	C	T
NC_017646.1	2412731	G	A	G
NZ_ABACVG020000001.1	4227	G	G	A
NZ_ABACVG020000001.1	9337	A	A	G
NZ_ABACVG020000001.1	2269158	C	C,T	T
NZ_ABACVG020000001.1	2269164	C	C,T	T
NZ_ABACVG020000001.1	2269167	T	A,T	A
NZ_ABACVG020000001.1	2269174	T	A,T	A
NZ_ABACVG020000001.1	2269179	T	T/C	C
NZ_ABACVG020000001.1	2269182	G	G/T	T
NZ_ABACVG020000001.1	2269184	G	G/A	A
NZ_ABACVG020000001.1	2269193	T	T/G	G
NZ_ABACVG020000001.1	2840614	T	T	C
NZ_ABACVG020000001.1	2840623	T	T	G
NZ_ABACVG020000001.1	2840626	A	A	G
NZ_ABACVG020000001.1	3251336	G	A	G
NZ_ABACVG020000001.1	3616233	C	C,G	G
NZ_ABACVG020000001.1	3616242	T	C,T	C
NZ_ABACVG020000001.1	3616284	G	G,T	T
NZ_ABACVG020000001.1	3618268	A	A	A,G
NZ_ABACVG020000001.1	3624885	G	G	A
NZ_ABACVG020000001.1	3631905	A	A	C
NZ_ABACVG020000001.1	3631914	C	C	T
NZ_ABACVG020000001.1	3632001	A	A	G
NZ_ABACVG020000001.1	3632073	G	G	A
NZ_AP021933.1	3726191	G	A	G
NZ_AP022261.1	3116610	A	C	A/C
NZ_AP022261.1	3116613	C	A	C
NZ_AP022298.1	1976653	G	G	DEL
NZ_AP022298.1	2007455	T	C,T	C/T
NZ_AP022298.1	2007494	C	T/C	C
NZ_AP022298.1	2007771	G	G	A
NZ_AP022298.1	2007773	G	G	T
NZ_AP022811.1	328656	C	C	T
NZ_AP022811.1	328661	C	C	T
NZ_AP022811.1	328689	G	G	T
NZ_AP022811.1	328707	T	T	A
NZ_AP022811.1	328722	A	A	G
NZ_AP022811.1	328735	G	G	A
NZ_AP022811.1	328761	T	T	C
NZ_AP022811.1	328805	T	T	A
NZ_AP022811.1	328807	T	T	A
NZ_AP022811.1	599033	T	T	A,T
NZ_AP022811.1	599036	G	G	G,T
NZ_AP022811.1	599042	T	T	C,T
NZ_AP022811.1	599045	A	A	A,C
NZ_AP022811.1	599050	G	G	G,T
NZ_AP022811.1	599054	G	G	G,T
NZ_AP022811.1	599055	T	T	G,T
NZ_AP022811.1	599057	C	C	C,G
NZ_AP022811.1	599060	T	T	C,T
NZ_AP022811.1	599075	T	T	C,T
NZ_AP022811.1	599093	T	T	C,T
NZ_AP022811.1	599096	C	C	C,T
NZ_AP022811.1	599102	C	C	C,G
NZ_AP022811.1	599108	A	A	G/A
NZ_AP022811.1	599117	A	A	G/A
NZ_AP022811.1	599123	T	T	C/T
NZ_AP022811.1	599126	C	C	T/C
NZ_AP022811.1	599138	C	C	A
NZ_AP022811.1	599144	T	T	C,T
NZ_AP022811.1	599199	C	C	T
NZ_AP022811.1	599518	G	G	G,T
NZ_AP022811.1	599524	G	G	A,G
NZ_AP022811.1	599533	G	G	T/G
NZ_AP022811.1	599545	C	C	C,T
NZ_AP022811.1	599785	C	C	C,T
NZ_AP022811.1	599797	C	C	C,G
NZ_AP022811.1	599800	C	C	C,T
NZ_AP022811.1	599824	A	A	A,G
NZ_AP022811.1	599834	T	T	C,T
NZ_AP022811.1	599857	T	T	G,T
NZ_AP022811.1	599863	A	A	A,C
NZ_AP022811.1	599998	T	T	C,T
NZ_AP022811.1	600004	A	A	A,C
NZ_AP022811.1	600010	G	G	A,G
NZ_AP022811.1	600016	C	C	C,T
NZ_AP022811.1	600023	C	C	C,T
NZ_AP022811.1	600025	A	A	A,G
NZ_AP022811.1	600028	C	C	C,G
NZ_AP022811.1	903378	T	T	C
NZ_AP022811.1	903381	G	G	A,G
NZ_AP022811.1	903435	T	T	C,T
NZ_AP022811.1	2303049	G	A	G
NZ_AP022811.1	2328702	G	G/T	T
NZ_AP022811.1	2328707	C	C/T	T
NZ_AP022811.1	2522756	C	C,T	C
NZ_AP022811.1	3602915	G	A,G	G
NZ_AP022811.1	3602921	G	A,G	G
NZ_AP022811.1	3602924	A	A,T	A
NZ_AP022811.1	3602926	T	C,T	T
NZ_AP022811.1	3602927	C	A,C	C
NZ_AP022811.1	3603670	T	C,T	T
NZ_AP022811.1	3603680	G	A,G	G
NZ_AP022811.1	3603716	C	A,C,G	C
NZ_AP022811.1	3603734	C	C,T	C
NZ_AP022811.1	3603740	C	A,C,G	C
NZ_AP022811.1	3603765	C	C,T	C
NZ_AP022811.1	4558517	G	G	A
NZ_AP023197.1	1789086	G	A,G	G
NZ_AP023197.1	1789121	C	C,T	C
NZ_AP023197.1	1796975	A	T	A
NZ_AP023197.1	1796981	A	A	T
NZ_AP023197.1	2075446	T	C	T
NZ_AP023197.1	2075455	T	C	T
NZ_AP023197.1	2075980	T	C	T
NZ_AP023197.1	2075983	G	A	G
NZ_AP023197.1	2075995	C	T/C	C
NZ_AP023197.1	2076001	C	C/T	T
NZ_AP023197.1	2967940	T	T	C
NZ_AP023197.1	2967946	A	G	T
NZ_AP023197.1	2967955	A	A	T
NZ_AP023197.1	2967988	T	T	C
NZ_AP023197.1	2968012	A	A	G
NZ_AP023197.1	2968033	T	T	A
NZ_AP023197.1	2968036	T	T	A
NZ_AP023197.1	3017054	T	T	C
NZ_AP023197.1	3017072	A	A	C
NZ_AP023197.1	3773445	A	G	A
NZ_AP023197.1	4108456	G	G	A
NZ_AP027258.1	898099	C	T	C
NZ_AP027258.1	2307959	G	T	G
NZ_AP027258.1	2307968	A	T	A
NZ_AP027258.1	2308004	A	C	A
NZ_AP027258.1	2308010	A	G	A
NZ_AP027258.1	2308013	C	T	C
NZ_AP027258.1	2308045	T	C	T
NZ_AP027258.1	2308079	A	G	A
NZ_AP027258.1	2308136	A	A	G/A
NZ_AP027258.1	2308139	A	G	A
NZ_AP027258.1	2308160	G	A	G
NZ_AP027258.1	2318324	G	A	G
NZ_AP027258.1	2319563	T	C,T	T
NZ_AP027258.1	2319627	A	A,INS	A
NZ_AP027258.1	2319630	G	G,T	G
NZ_AP027258.1	2320220	A	A	G
NZ_AP027258.1	2320265	A	G	A
NZ_AP027258.1	2668753	C	C	T
NZ_AP027258.1	2668763	T	T	C
NZ_AP027258.1	3522642	C	C,T	C
NZ_AP027258.1	3522669	C	C,T	T
NZ_AP027258.1	3522711	G	A,G	A
NZ_AP027258.1	4776690	G	A	G
NZ_AP027258.1	4776695	C	C	INS
NZ_CP007390.1	1130784	T	C	T
NZ_CP007390.1	1131091	T	C	T
NZ_CP007390.1	1131101	C	T	C
NZ_CP007390.1	1131139	T	G	T
NZ_CP007390.1	1131661	A	G	A
NZ_CP007390.1	1131669	C	A	C
NZ_CP007390.1	1131982	A	A,T	A
NZ_CP007390.1	1131987	T	C,T	T
NZ_CP007390.1	1132002	G	A	G
NZ_CP007390.1	1132009	C	C,T	C
NZ_CP007390.1	1132049	G	T	G
NZ_CP007390.1	1841755	T	T	C
NZ_CP007390.1	4011856	G	A	G
NZ_CP007390.1	4012735	C	C,T	C
NZ_CP007390.1	4012810	C	C	C,T
NZ_CP007390.1	4012819	C	G/C	C
NZ_CP007390.1	4012882	A	T	A,T
NZ_CP007390.1	4012910	A	C/A	A
NZ_CP007390.1	4013192	T	T	C
NZ_CP007390.1	4013194	G	A	G
NZ_CP007390.1	4020967	C	C	A,C
NZ_CP007390.1	4021014	G	A,G	G,T
NZ_CP007390.1	4021020	G	A,G	G
NZ_CP007390.1	4021023	A	A,T	A
NZ_CP007390.1	4021141	A	A,G	A
NZ_CP007390.1	4021143	A	A,C	A
NZ_CP007390.1	4021166	T	G,T	T
NZ_CP007390.1	4021176	A	A,T	A
NZ_CP007390.1	4021269	A	A,G	A
NZ_CP007390.1	4021290	T	C,T	T
NZ_CP007390.1	4021381	A	C,G	G
NZ_CP007390.1	4021382	G	A,G	G
NZ_CP007390.1	4021396	A	A,G	A
NZ_CP007390.1	4022062	T	C,T	T
NZ_CP007390.1	4022399	T	T	C
NZ_CP007390.1	4022417	A	A	C
NZ_CP007390.1	4022476	G	G	C
NZ_CP007390.1	4022479	A	A	G
NZ_CP007390.1	4024987	G	G	A
NZ_CP007390.1	4025048	C	C	C,T
NZ_CP007390.1	4025074	T	C/T	T
NZ_CP007390.1	4025083	C	C,T	C
NZ_CP007390.1	4026884	G	A,G	G
NZ_CP007390.1	4026889	C	C/G	G
NZ_CP007390.1	4026916	T	T/G	G
NZ_CP007390.1	4026940	T	T/C	C
NZ_CP007390.1	4027657	C	C,G	C
NZ_CP007390.1	4027968	A	A,C	A
NZ_CP007390.1	4027969	C	C,T	C
NZ_CP007390.1	4027979	C	C	T/C
NZ_CP007390.1	4059017	C	A,C	C
NZ_CP007390.1	4059018	A	A,G	A
NZ_CP007390.1	4059019	C	C,G	C
NZ_CP007390.1	4059060	C	C,T	C
NZ_CP007390.1	4059068	A	A,G	A
NZ_CP007390.1	4059069	A	A,G	A
NZ_CP007390.1	4059120	C	C/T	T
NZ_CP007390.1	4059123	G	A,G	G
NZ_CP007390.1	4059127	A	A,G	A
NZ_CP007390.1	4063260	A	A,C	C/A
NZ_CP007390.1	4063261	A	A,G	A
NZ_CP007390.1	4063271	G	G,T/DEL	G
NZ_CP007390.1	4063290	A	C/G	A/G
NZ_CP007390.1	4067435	C	C,T	C
NZ_CP007390.1	4067436	A	A,G	A
NZ_CP007390.1	4067446	G	A,G	G
NZ_CP007390.1	4067465	T	G/A,T	T
NZ_CP007390.1	4067475	G	T/A,G	G
NZ_CP007390.1	4067477	T	G/C,T	T
NZ_CP007390.1	4067483	T	C,T	T
NZ_CP007390.1	4067486	G	C,G	G
NZ_CP007390.1	4067488	G	A,G	G
NZ_CP007390.1	4067662	C	C,INS	C
NZ_CP007390.1	4067670	A	A,DEL	A
NZ_CP007390.1	4067672	T	A,T	T
NZ_CP007390.1	4067674	C	A,C	C
NZ_CP007390.1	4068715	A	A,C	A
NZ_CP007390.1	4068761	C	A,C	C
NZ_CP007390.1	4068762	A	A,G	A
NZ_CP007390.1	4068782	C	A,C	C
NZ_CP007390.1	4068786	G	C/G	G
NZ_CP007390.1	4068831	C	T	C
NZ_CP007390.1	4068833	C	T	C
NZ_CP007390.1	4068843	G	A	G
NZ_CP007390.1	4068844	C	A	C
NZ_CP007390.1	4068860	A	G	A
NZ_CP007390.1	4069231	T	C,T	T
NZ_CP007390.1	4069234	G	A,G	G
NZ_CP007390.1	4069246	C	C,T	C
NZ_CP007390.1	4069255	A	A,G	A
NZ_CP007390.1	4069258	T	C,T	T
NZ_CP007390.1	4069261	T	G,T	T
NZ_CP007390.1	4069273	T	C,T	T
NZ_CP007390.1	4070197	G	A,G	G
NZ_CP007390.1	4070222	C	C,T	C
NZ_CP007390.1	4070242	G	A,G	G
NZ_CP007390.1	4070243	T	C,T	T
NZ_CP007390.1	4070247	G	A,G	G
NZ_CP007390.1	4070289	T	G,T	T
NZ_CP007390.1	4070291	T	C,T	T
NZ_CP007390.1	4070308	C	C,T	C
NZ_CP007390.1	4070312	C	C,T	C
NZ_CP007390.1	4070317	T	C,T	T
NZ_CP007390.1	4070318	C	A,C	C
NZ_CP007390.1	4070320	G	A,G	G
NZ_CP007390.1	4070321	T	C,T	T
NZ_CP007390.1	4070324	G	G,T	G
NZ_CP007390.1	4070341	G	A,G	G
NZ_CP007390.1	4070352	C	C,G	C
NZ_CP007390.1	4070353	C	C,G	C
NZ_CP007390.1	4070373	C	C,T	C
NZ_CP007390.1	4070379	G	C,G,T	G
NZ_CP007390.1	4070381	C	C,T	C
NZ_CP007390.1	4070386	A	A,G	A
NZ_CP007390.1	4070398	T	C,T	T
NZ_CP007390.1	4070413	A	A,G	A
NZ_CP007390.1	4070425	A	A,C,G	C/A
NZ_CP007390.1	4070434	G	A,G	G
NZ_CP007390.1	4070446	T	C,T	T
NZ_CP007390.1	4070450	T	C,T	T
NZ_CP007390.1	4070464	G	A,G	G
NZ_CP007390.1	4070465	G	C,G	G
NZ_CP007390.1	4070466	T	A,T	A/T
NZ_CP007390.1	4070467	C	C,T	T/C
NZ_CP007390.1	4070470	C	C,T	C
NZ_CP007390.1	4070471	C	C,T	C
NZ_CP007390.1	4070479	G	G,T	T/G
NZ_CP007390.1	4070500	C	C,T	C
NZ_CP007390.1	4070509	G	T/G	G
NZ_CP007390.1	4070527	G	A,T	T/G
NZ_CP007390.1	4070545	A	G/A	A
NZ_CP007390.1	4070551	G	T/G	G
NZ_CP007390.1	4070590	C	T	C
NZ_CP007390.1	4070632	A	G	A
NZ_CP007390.1	4070638	C	T	C
NZ_CP007390.1	4070646	G	A	G
NZ_CP007390.1	4071423	G	A/G	G
NZ_CP007390.1	4071426	T	A/T	T
NZ_CP007390.1	4071429	G	A/G	G
NZ_CP007390.1	4071435	C	T/C	C
NZ_CP007390.1	4071480	A	G/A	A
NZ_CP007390.1	4071519	C	T/C	C
NZ_CP007390.1	4071531	C	T/C	C
NZ_CP007390.1	4071557	C	C	T
NZ_CP007390.1	4071560	G	A	G
NZ_CP007390.1	4071570	C	A	C
NZ_CP007390.1	4072224	A	G	A
NZ_CP007390.1	4073011	A	G	A/G
NZ_CP007390.1	4073013	T	T,INS	T/INS
NZ_CP007390.1	4073016	C	C,INS	C
NZ_CP007390.1	4073020	A	A,INS	A
NZ_CP007390.1	4073021	C	C,G	C/G
NZ_CP007390.1	4073022	A	A,T	A/T
NZ_CP007390.1	4073023	G	G,INS	G
NZ_CP007390.1	4073101	T	C,T	T
NZ_CP007390.1	4075070	G	G	A,G
NZ_CP007390.1	4075115	T	C,T	T
NZ_CP007390.1	4075127	C	C,T	C
NZ_CP007390.1	4076159	G	G	A
NZ_CP007390.1	4076255	G	G	A
NZ_CP007390.1	4076280	G	A,G	G
NZ_CP007390.1	4076281	T	C,T	T
NZ_CP007390.1	4076282	C	C,T	C
NZ_CP007390.1	4076289	G	G	A
NZ_CP007390.1	4076290	G	A,G	G
NZ_CP007390.1	4076291	C	C,T	C
NZ_CP007390.1	4076292	G	A,G	G
NZ_CP007390.1	4076861	G	A	G
NZ_CP007390.1	4076869	A	T	A
NZ_CP007390.1	4076872	C	A	C
NZ_CP007390.1	4076881	G	A	G
NZ_CP007390.1	4076912	C	A	C
NZ_CP007390.1	4076926	T	C	T
NZ_CP007390.1	4076958	C	T	C
NZ_CP007390.1	4076960	G	A	G
NZ_CP007390.1	4076963	A	G	A
NZ_CP007390.1	4076977	G	A	G
NZ_CP007390.1	4078450	C	C	T
NZ_CP007390.1	4078852	C	C	T
NZ_CP007390.1	4078870	C	T	C
NZ_CP007390.1	4078888	G	T	G
NZ_CP007390.1	4078891	G	C	G
NZ_CP007390.1	4078894	G	T	G
NZ_CP007390.1	4078897	A	T	A
NZ_CP007390.1	4078900	G	C	G
NZ_CP007390.1	4078903	G	C	G
NZ_CP007390.1	4078906	C	A	C
NZ_CP007390.1	4078908	G	A	G
NZ_CP007390.1	4078909	T	A	T
NZ_CP007390.1	4079194	C	T/C	C
NZ_CP007390.1	4079210	C	A/T	C
NZ_CP007390.1	4079218	C	T/C	C
NZ_CP007390.1	4079224	T	C	T
NZ_CP007390.1	4079227	G	A,G	G
NZ_CP007390.1	4079245	T	A,T	T
NZ_CP007390.1	4079260	C	C,T	C
NZ_CP007390.1	4079311	A	A,G	A
NZ_CP007390.1	4079347	C	A,C	C
NZ_CP007390.1	4079350	G	T/G	G
NZ_CP007390.1	4079353	G	A/G	G
NZ_CP007390.1	4079356	A	G/A	A
NZ_CP007390.1	4079614	A	T/A	A
NZ_CP007390.1	4079644	T	G,T	G
NZ_CP007390.1	4079692	T	C,T	T
NZ_CP007390.1	4079707	C	C,T	C
NZ_CP007390.1	4079737	T	C,T	T
NZ_CP007390.1	4079743	C	C,T	C
NZ_CP007390.1	4079744	C	A,C	C
NZ_CP007390.1	4079745	G	A,G	G
NZ_CP007390.1	4079767	C	C	T/C
NZ_CP007390.1	4079809	G	A,G	G
NZ_CP007390.1	4079810	C	C,T	C
NZ_CP007390.1	4079830	C	T/C	C
NZ_CP007390.1	4079848	A	A,G	G
NZ_CP007390.1	4079881	A	A,C	C
NZ_CP007390.1	4079908	C	C,G	G
NZ_CP007390.1	4079911	G	C,G	C
NZ_CP007390.1	4079914	G	A,G	A
NZ_CP007390.1	4079938	T	T	C
NZ_CP007390.1	4079968	T	C,T	T
NZ_CP007390.1	4079999	T	T	C
NZ_CP007390.1	4080301	C	G/T	C
NZ_CP007390.1	4080322	A	C	A
NZ_CP007390.1	4080328	G	T/G	G
NZ_CP007390.1	4080390	A	C/A	A
NZ_CP007390.1	4080391	C	T	C
NZ_CP007390.1	4080397	G	A	G
NZ_CP007390.1	4080409	T	C/T	T
NZ_CP007390.1	4080447	A	A,G	A
NZ_CP007390.1	4080448	C	C,T	C
NZ_CP007390.1	4080451	G	A,G	G
NZ_CP007390.1	4080460	A	A,G	A
NZ_CP007390.1	4080467	G	C,G	G
NZ_CP007390.1	4080469	G	A,G	G
NZ_CP007390.1	4080475	C	T	C
NZ_CP007390.1	4080481	T	C,T	T
NZ_CP007390.1	4080484	G	C	G
NZ_CP007390.1	4080485	G	G,T	G
NZ_CP007390.1	4080486	C	C,G	C
NZ_CP007390.1	4080487	C	C,T	C
NZ_CP007390.1	4080493	T	C,T	T
NZ_CP007390.1	4080757	C	C	T
NZ_CP007390.1	4080760	T	T	C
NZ_CP007390.1	4080835	T	C	T
NZ_CP007390.1	4080837	A	G	A
NZ_CP007390.1	4080838	A	G	A
NZ_CP007390.1	4080844	G	C	G
NZ_CP007390.1	4080862	G	G	A
NZ_CP007390.1	4080886	G	A	G
NZ_CP007390.1	4080907	G	C	G
NZ_CP007390.1	4082539	A	A,G	A
NZ_CP007390.1	4082785	C	C	T/C
NZ_CP007390.1	4082809	C	C	C,T
NZ_CP007390.1	4082827	C	C	C,T
NZ_CP007390.1	4082899	T	C	C,T
NZ_CP007390.1	4083396	G	A	G
NZ_CP007390.1	4083418	C	T	C
NZ_CP007390.1	4083420	G	G	A
NZ_CP007390.1	4083457	G	G	A
NZ_CP007390.1	4083516	C	A	C
NZ_CP007390.1	4083538	G	A	G
NZ_CP007390.1	4083677	C	T	C
NZ_CP007390.1	4083788	T	C,T	T
NZ_CP007390.1	4083797	C	C	A
NZ_CP007390.1	4085551	T	T	DEL
NZ_CP007390.1	4085552	G	G	DEL
NZ_CP007390.1	4085553	C	C	DEL
NZ_CP007390.1	4085554	A	A	DEL
NZ_CP007390.1	4085557	T	T	INS
NZ_CP007390.1	4085559	A	A	G
NZ_CP007390.1	4085563	A	A	G
NZ_CP007390.1	4085569	T	T	C
NZ_CP007390.1	4085584	T	T	C
NZ_CP007390.1	4085585	T	T	C
NZ_CP007390.1	4085667	G	G	A
NZ_CP007390.1	4085741	A	A	G
NZ_CP007390.1	4086194	C	C	G
NZ_CP007390.1	4087708	G	G/A	A
NZ_CP007390.1	4087798	T	C	T
NZ_CP007390.1	4087957	G	G	A
NZ_CP007390.1	4088191	T	T/C	C
NZ_CP007390.1	4088233	G	A,G	G
NZ_CP007390.1	4088263	C	C,T	C
NZ_CP007390.1	4088281	C	C	T
NZ_CP007390.1	4088287	T	T	C
NZ_CP007390.1	4088293	C	C/T	T
NZ_CP007390.1	4088314	C	C,T	C
NZ_CP007390.1	4088321	C	C,T	C
NZ_CP007390.1	4089669	A	A,G	G
NZ_CP007390.1	4089684	G	A,G	G
NZ_CP007390.1	4089924	G	A,G	A
NZ_CP007390.1	4089945	C	C,T	T/C
NZ_CP007390.1	4089972	T	C,T	T/C
NZ_CP007390.1	4090011	G	G/A	A
NZ_CP007390.1	4090080	C	A	C
NZ_CP007390.1	4093873	G	G/A	A
NZ_CP007390.1	4094019	T	T	G
NZ_CP007390.1	4094022	T	C,T	T
NZ_CP007390.1	4094058	A	A/T	T
NZ_CP007390.1	4094073	C	C	G/C
NZ_CP007390.1	4094103	G	G	A/G
NZ_CP007390.1	4094109	T	T	C/T
NZ_CP007390.1	4094151	T	C	T
NZ_CP007390.1	4094259	C	A/C	C
NZ_CP007390.1	4094268	C	T/C	C
NZ_CP007390.1	4094271	C	C	C,T
NZ_CP007390.1	4094288	A	G/A	A
NZ_CP007390.1	4094292	T	C	C,T
NZ_CP007390.1	4094322	G	G/A	A,T
NZ_CP007390.1	4094343	A	A,G	G
NZ_CP007390.1	4094382	T	A,T	T
NZ_CP007390.1	4094451	G	A,G	A
NZ_CP007390.1	4094454	C	A,C	C
NZ_CP007390.1	4094484	C	A,C	A
NZ_CP007390.1	4094493	A	A,G	G
NZ_CP007390.1	4094505	T	C,T	C
NZ_CP007390.1	4094532	G	C,G	C
NZ_CP007390.1	4094535	A	A,G	A
NZ_CP007390.1	4094538	T	C,T	T
NZ_CP007390.1	4094541	C	C,G	T
NZ_CP007390.1	4094550	G	G,T	G
NZ_CP007390.1	4094556	C	C,T	C
NZ_CP007390.1	4094636	A	G	A
NZ_CP007390.1	4095150	T	G,T	T
NZ_CP007390.1	4095177	C	C,T	T
NZ_CP007390.1	4095687	C	C	A
NZ_CP007390.1	4096076	A	A	G
NZ_CP007390.1	4096088	T	T	C
NZ_CP007390.1	4096652	T	T/C	C
NZ_CP007390.1	4096664	A	G/A	A
NZ_CP007390.1	4096668	G	A/G	G
NZ_CP007390.1	4096985	C	T	C
NZ_CP007390.1	4097048	C	T	C
NZ_CP007390.1	4097072	C	C	T
NZ_CP007390.1	4097405	G	G	A
NZ_CP007390.1	4097417	A	A	G
NZ_CP007390.1	4097450	G	G	A
NZ_CP007390.1	4097453	G	G	A
NZ_CP007390.1	4097462	T	T	A
NZ_CP007390.1	4097468	C	C	T
NZ_CP007390.1	4097471	T	T	C
NZ_CP007390.1	4097480	C	C	T
NZ_CP007390.1	4097544	G	G	A
NZ_CP007390.1	4097642	A	A	G
NZ_CP007390.1	4097645	G	G	A
NZ_CP007390.1	4097654	C	C	A
NZ_CP007390.1	4097672	G	G	A
NZ_CP007390.1	4098081	C	C,T	C
NZ_CP007390.1	4098101	T	A,T	A
NZ_CP007390.1	4098818	G	A,G	G
NZ_CP007390.1	4098878	C	C,T	C
NZ_CP007390.1	4098991	A	A,C	A
NZ_CP007390.1	4099007	C	A,T	T
NZ_CP007390.1	4099010	C	C,T	C
NZ_CP007390.1	4099013	G	G,T	T
NZ_CP007390.1	4099022	T	G,T/C	C
NZ_CP007390.1	4099553	T	C,T	T
NZ_CP007390.1	4099562	C	C,T	C
NZ_CP007390.1	4099607	G	A,G	G
NZ_CP007390.1	4099655	A	A,G	G
NZ_CP007390.1	4099659	A	A,C	C
NZ_CP007390.1	4100214	A	A,G	A
NZ_CP007390.1	4100215	A	A,G	A
NZ_CP007390.1	4100224	A	A,T	T
NZ_CP007390.1	4100231	C	A,C	C
NZ_CP007390.1	4100252	G	G,T/A	G
NZ_CP007390.1	4100291	C	C,T	C
NZ_CP007390.1	4101116	G	G,T	G
NZ_CP007390.1	4101120	C	A,C	C
NZ_CP007390.1	4101125	G	A,G	G
NZ_CP007390.1	4101126	G	A,G/T	G
NZ_CP007390.1	4101131	C	C,T	C
NZ_CP007390.1	4101315	G	G	T
NZ_CP007390.1	4104383	A	A	C
NZ_CP007390.1	4104425	T	C,T	T
NZ_CP007390.1	4104428	A	A,T	A
NZ_CP007390.1	4104494	T	C,T	T
NZ_CP007390.1	4104536	G	C,G	G
NZ_CP007390.1	4104543	C	C,T	C
NZ_CP007390.1	4104551	A	A,G	A
NZ_CP007390.1	4104566	A	A,G	G
NZ_CP007390.1	4104575	C	A,C	A
NZ_CP007390.1	4104581	C	C,T	T
NZ_CP007390.1	4104602	G	A,G	G
NZ_CP007390.1	4104605	G	C,G	G
NZ_CP007390.1	4104611	T	C,T	C
NZ_CP007390.1	4104620	C	C,T	C
NZ_CP007390.1	4105097	T	C,T	T
NZ_CP007390.1	4105104	T	G,T	T
NZ_CP007390.1	4105124	T	C,T	C
NZ_CP007390.1	4105126	A	A,G	A
NZ_CP007390.1	4105145	C	C,T	C
NZ_CP007390.1	4105154	G	A,G	G
NZ_CP007390.1	4105166	G	A,G	A
NZ_CP007390.1	4105193	C	C,T	C
NZ_CP007390.1	4105228	C	A	C
NZ_CP007390.1	4105229	C	G	C
NZ_CP007390.1	4105234	C	C,T	C
NZ_CP007390.1	4105240	T	A,T	T
NZ_CP007390.1	4105266	T	A/T	T
NZ_CP007390.1	4105268	C	C,T	C
NZ_CP007390.1	4105275	T	C,T	T
NZ_CP007390.1	4105284	C	C,T	C
NZ_CP007390.1	4105286	A	A,C,T	A
NZ_CP007390.1	4105288	A	A,T/G	A
NZ_CP007390.1	4105290	C	C,T	C
NZ_CP007390.1	4105292	C	A,C	C
NZ_CP007390.1	4105301	T	G,T/A	T
NZ_CP007390.1	4105306	A	A/G	G
NZ_CP007390.1	4105308	C	C,T	C
NZ_CP007390.1	4105309	A	A,G	A
NZ_CP007390.1	4105318	A	A,G	A
NZ_CP007390.1	4105324	C	C,T	T
NZ_CP007390.1	4105334	C	C,T	C
NZ_CP007390.1	4105336	G	C,G	G
NZ_CP007390.1	4105356	C	C,T	C
NZ_CP007390.1	4105366	C	C,T	T
NZ_CP007390.1	4105370	A	A,G	G
NZ_CP007390.1	4105379	G	C,G	G
NZ_CP007390.1	4105380	C	C,T	T
NZ_CP007390.1	4105382	T	C,T	T
NZ_CP007390.1	4105393	G	C,G/T	C
NZ_CP007390.1	4105401	C	C	T
NZ_CP007390.1	4105413	A	A,T	A
NZ_CP007390.1	4105424	G	A,G	G
NZ_CP007390.1	4105704	C	DEL/C	C
NZ_CP007390.1	4105723	C	A,G	C/A
NZ_CP007390.1	4105725	G	C,G	G
NZ_CP007390.1	4105733	C	C,G	C
NZ_CP007390.1	4105738	A	A,G	G/A
NZ_CP007390.1	4105745	G	C,G	G
NZ_CP007390.1	4105752	A	A,G	A
NZ_CP007390.1	4105753	C	A,C	C
NZ_CP007390.1	4105754	A	A,G	A
NZ_CP007390.1	4661131	A	A	G
NZ_CP019267.1	93335	C	C,T	C
NZ_CP019267.1	157164	C	C	C,T
NZ_CP019267.1	270689	A	A	T/A
NZ_CP019267.1	322209	T	C,T	T
NZ_CP019267.1	381565	G	DEL/G	G,DEL
NZ_CP019267.1	400251	C	C,T	C
NZ_CP019267.1	437435	G	G	A
NZ_CP019267.1	539613	G	G,T	G
NZ_CP019267.1	539648	A	A,T	A
NZ_CP019267.1	595474	A	A,T	A
NZ_CP019267.1	663975	C	A,C	C
NZ_CP019267.1	716597	C	C,T	C
NZ_CP019267.1	735412	G	G	A,G
NZ_CP019267.1	763994	G	G	A,G
NZ_CP019267.1	782349	C	C,T	C
NZ_CP019267.1	800897	G	A,G	G
NZ_CP019267.1	854360	G	A,G	G
NZ_CP019267.1	872690	C	C	A,C
NZ_CP019267.1	899993	G	G,T	G
NZ_CP019267.1	913921	C	C	T/C
NZ_CP019267.1	979414	G	G	G,T
NZ_CP019267.1	982702	T	T,INS	T
NZ_CP019267.1	1012127	C	C	T/C
NZ_CP019267.1	1045250	C	C,T	C
NZ_CP019267.1	1101921	G	G	A,G
NZ_CP019267.1	1114658	A	A,T	A
NZ_CP019267.1	1122464	T	T	C,T
NZ_CP019267.1	1177875	C	C,DEL/G	C
NZ_CP019267.1	1280725	C	C	C,T
NZ_CP019267.1	1281309	C	C,T	C
NZ_CP019267.1	1286197	C	C,T	C
NZ_CP019267.1	1300884	T	A,T	T
NZ_CP019267.1	1300951	G	A,G	G
NZ_CP019267.1	1322953	G	A,G	G
NZ_CP019267.1	1323967	C	A/C	C
NZ_CP019267.1	1356343	A	A,T	A
NZ_CP019267.1	1367266	G	G,DEL	G
NZ_CP019267.1	1415877	G	A,G	G
NZ_CP019267.1	1460363	T	C,T	T
NZ_CP019267.1	1492030	G	G	A,G
NZ_CP019267.1	1533006	C	C	C,T
NZ_CP019267.1	1533007	C	C	C,T
NZ_CP019267.1	1577792	A	A,T	A
NZ_CP019267.1	1577793	T	C,T	T
NZ_CP019267.1	1577807	G	A,G	G
NZ_CP019267.1	1579169	C	A,C	C
NZ_CP019267.1	1585939	A	A,G	A
NZ_CP019267.1	1627372	G	G,T	G
NZ_CP019267.1	1645685	T	C,T	T
NZ_CP019267.1	1647122	G	G	T/G
NZ_CP019267.1	1651265	G	T/G	G
NZ_CP019267.1	1670006	G	G	A
NZ_CP019267.1	1683503	G	A,G	G
NZ_CP019267.1	1683872	C	C,T	C
NZ_CP019267.1	1684306	C	C	C,T
NZ_CP019267.1	1687108	T	T,DEL	T
NZ_CP019267.1	1687902	G	G/A	A,G
NZ_CP019267.1	1688326	A	A,DEL	DEL/A
NZ_CP019267.1	1696712	T	G,T	T
NZ_CP019267.1	1732433	G	G	A
NZ_CP019267.1	1740845	T	T	A,T
NZ_CP019267.1	1757065	C	C,G	C/G
NZ_CP019267.1	1780643	C	C	C,T
NZ_CP019267.1	1784339	T	C,T	T
NZ_CP019267.1	1790599	C	C,T	C
NZ_CP019267.1	1806185	A	A,C	A/C
NZ_CP019267.1	1816673	A	A,G	A
NZ_CP019267.1	1825368	A	A	A,T
NZ_CP019267.1	1827007	G	G	A
NZ_CP019267.1	1834307	A	A	A,C
NZ_CP019267.1	1859932	G	A,G	G
NZ_CP019267.1	1890904	A	A,G	A
NZ_CP019267.1	1891473	G	G,T	G
NZ_CP019267.1	1898939	G	A,G	G
NZ_CP019267.1	1899685	A	A	G
NZ_CP019267.1	1917280	T	T	G,T
NZ_CP019267.1	1922257	C	C,T	C
NZ_CP019267.1	1922421	A	A,G	A
NZ_CP019267.1	1937367	C	C,T	C
NZ_CP019267.1	1945204	C	C,T	C
NZ_CP019267.1	1961693	A	A	T
NZ_CP019267.1	2002802	G	G	G,DEL
NZ_CP019267.1	2027218	A	A,T	A
NZ_CP019267.1	2027220	T	A,T	T
NZ_CP019267.1	2027222	A	A,T	A
NZ_CP019267.1	2038677	G	G,T	G
NZ_CP019267.1	2044425	G	G	A,G
NZ_CP019267.1	2073557	G	G	A,G
NZ_CP019267.1	2085443	T	T/C	C
NZ_CP019267.1	2085756	A	A,C	A
NZ_CP019267.1	2091871	A	G/A	A
NZ_CP019267.1	2111694	G	G	A,G
NZ_CP019267.1	2133689	C	A,C	C
NZ_CP019267.1	2136601	A	A,G	A/G
NZ_CP019267.1	2150723	T	C,T	C
NZ_CP019267.1	2158498	T	T	C
NZ_CP019267.1	2159495	A	A	A,G
NZ_CP019267.1	2168078	G	A,G	G
NZ_CP019267.1	2168251	C	A,C	C
NZ_CP019267.1	2189052	T	G,T	T
NZ_CP019267.1	2226457	A	A,C	A
NZ_CP019267.1	2237877	T	C,T	T
NZ_CP019267.1	2237940	G	G	A
NZ_CP019267.1	2238908	T	T	G
NZ_CP019267.1	2238926	C	T	C
NZ_CP019267.1	2238944	T	T	A
NZ_CP019267.1	2242493	T	C	T
NZ_CP019267.1	2265094	A	A	A,G
NZ_CP019267.1	2326127	T	T	C
NZ_CP019267.1	2342321	C	C	A,C
NZ_CP019267.1	2342463	T	C,T	T
NZ_CP019267.1	2343366	G	A,G	G
NZ_CP019267.1	2371784	C	C,T	C
NZ_CP019267.1	2375688	A	A,G	A
NZ_CP019267.1	2375796	A	A,G	A
NZ_CP019267.1	2379761	A	A,G	A
NZ_CP019267.1	2379781	C	C,T	C
NZ_CP019267.1	2405200	T	G,T	T
NZ_CP019267.1	2411245	G	G,DEL	G
NZ_CP019267.1	2411246	C	C,DEL	C
NZ_CP019267.1	2429763	T	C,T	T
NZ_CP019267.1	2434850	G	A,G	G
NZ_CP019267.1	2438603	T	A,T	T
NZ_CP019267.1	2451373	T	T	C,T
NZ_CP019267.1	2456014	G	G/A	A,G
NZ_CP019267.1	2476866	T	C,T	T
NZ_CP019267.1	2476954	C	C,DEL	C
NZ_CP019267.1	2479087	T	T	A,T
NZ_CP019267.1	2500129	G	G	A,G
NZ_CP019267.1	2555103	C	C	C,T
NZ_CP019267.1	2565151	A	A	G/A
NZ_CP019267.1	2571709	G	A,G	G
NZ_CP019267.1	2583833	A	A,G	A
NZ_CP019267.1	2615624	C	C	T/C
NZ_CP019267.1	2666683	T	T	C,T
NZ_CP019267.1	2666820	A	A,G	A
NZ_CP019267.1	2685443	C	C,T	C
NZ_CP019267.1	2685495	A	A/T	T/A
NZ_CP019267.1	2706300	C	C,T	C
NZ_CP019267.1	2733882	G	A,G	G
NZ_CP019267.1	2736581	T	T	C,T
NZ_CP019267.1	2738173	C	C,T	C
NZ_CP019267.1	2738276	A	A,C	A
NZ_CP019267.1	2738341	G	G	A,G
NZ_CP019267.1	2767954	T	G,T	G
NZ_CP019267.1	2769210	C	C,T	C
NZ_CP019267.1	2780815	G	A,G	G
NZ_CP019267.1	2784201	C	C	T/C
NZ_CP019267.1	2784760	C	C	A,C
NZ_CP019267.1	2787094	G	G	A,G
NZ_CP019267.1	2788386	C	C,T	C
NZ_CP019267.1	2800197	A	A,T	T
NZ_CP019267.1	2804300	A	A	A,T
NZ_CP019267.1	2817624	G	G	G,T
NZ_CP019267.1	2824473	A	A,G	A
NZ_CP019267.1	2825531	G	A,G	G
NZ_CP019267.1	2827864	C	C,T	C
NZ_CP019267.1	2871678	C	C,T	C
NZ_CP019267.1	2888696	A	A	A,T
NZ_CP019267.1	2888718	T	A,T	T
NZ_CP019267.1	2914298	A	A	A,T
NZ_CP019267.1	2918226	T	A,T	T
NZ_CP019267.1	2931005	C	C	A,C
NZ_CP019267.1	2931010	T	T	G,T
NZ_CP019267.1	3018588	T	C,T	T
NZ_CP019267.1	3028973	G	G	A,G
NZ_CP019267.1	3046772	C	C,T	C
NZ_CP019267.1	3056344	A	A,C	A
NZ_CP019267.1	3056356	A	A	A,G
NZ_CP019267.1	3064513	T	T	C/T
NZ_CP019267.1	3138834	G	A,G	A
NZ_CP019267.1	3153394	C	C	C,T
NZ_CP019267.1	3163252	T	C,T	T
NZ_CP019267.1	3168595	G	G	A,G
NZ_CP019267.1	3174428	G	G,T	G
NZ_CP019267.1	3181556	T	C,T	T
NZ_CP019267.1	3220246	C	C	A,C
NZ_CP019267.1	3225826	C	C	C,DEL
NZ_CP019267.1	3225827	G	G	G,DEL
NZ_CP019267.1	3227761	T	T	G
NZ_CP019267.1	3242571	C	C,T	C
NZ_CP019267.1	3244400	C	C	T
NZ_CP019267.1	3244526	G	A,G	G
NZ_CP019267.1	3270702	G	A,G	G
NZ_CP019267.1	3280169	A	A	A,G
NZ_CP019267.1	3304563	C	A,C	C
NZ_CP019267.1	3338518	C	A	C
NZ_CP019267.1	3339809	C	T	C
NZ_CP019267.1	3359294	T	T	A,T
NZ_CP019267.1	3359309	C	A,C	C
NZ_CP019267.1	3360815	T	T	C,T
NZ_CP019267.1	3360929	C	C,G	C
NZ_CP019267.1	3361471	G	A,G	G
NZ_CP019267.1	3362231	T	C,T	T
NZ_CP019267.1	3362795	G	A,G	G
NZ_CP019267.1	3362834	C	C/G	G
NZ_CP019267.1	3370383	A	A	A,T
NZ_CP019267.1	3370643	G	A,G	G
NZ_CP019267.1	3370688	A	A,G	A
NZ_CP019267.1	3370712	T	C,T	T
NZ_CP019267.1	3370724	A	A,G	A
NZ_CP019267.1	3371791	T	C,T	T
NZ_CP019267.1	3372733	A	A,G	A
NZ_CP019267.1	3373349	C	A,C	C
NZ_CP019267.1	3380752	C	C	C,T
NZ_CP019267.1	3380824	G	G	G,T
NZ_CP019267.1	3382178	G	C,G	G
NZ_CP019267.1	3382239	A	G/A	A
NZ_CP019267.1	3387112	G	A,G	G
NZ_CP019267.1	3388305	A	A,G	A
NZ_CP019267.1	3395696	C	C	C,T
NZ_CP019267.1	3485289	G	G/A	A
NZ_CP019267.1	3485355	G	G	A
NZ_CP019267.1	3485389	T	G,T	T
NZ_CP019267.1	3485406	C	C,T	C
NZ_CP019267.1	3485976	G	A	G
NZ_CP019267.1	3486008	G	A	G
NZ_CP019267.1	3542417	G	A,G	G
NZ_CP019267.1	3592658	G	G	A
NZ_CP019267.1	3592670	A	A,C	A
NZ_CP019267.1	3592720	A	A,G	A
NZ_CP019267.1	3596299	A	A,G	A
NZ_CP019267.1	3634377	C	C	T
NZ_CP019267.1	3640667	C	C,T	C
NZ_CP019267.1	3646293	A	A	A,G
NZ_CP019267.1	3702416	C	C	A
NZ_CP019267.1	3705757	G	G	A,G
NZ_CP019267.1	3712904	A	A,G	A
NZ_CP019267.1	3712998	A	A	G
NZ_CP019267.1	3720029	G	A,G	G
NZ_CP019267.1	3724459	C	C,T	C
NZ_CP019267.1	3758597	C	C,T	C
NZ_CP019267.1	3761349	G	A,G	G
NZ_CP019267.1	3795581	C	C,T	C
NZ_CP019267.1	3808493	C	C	A,C
NZ_CP019267.1	3813665	G	G	A,G
NZ_CP019267.1	3921802	G	G	A
NZ_CP019267.1	3925781	C	C,T	C
NZ_CP019267.1	3939486	C	A,C	C
NZ_CP019267.1	3953283	A	A,G	A
NZ_CP019267.1	3967217	C	C	C,T
NZ_CP019267.1	3974944	G	G	A,G
NZ_CP019267.1	3980525	C	C,DEL	C
NZ_CP019267.1	3995138	G	G	A,G
NZ_CP019267.1	4017171	T	T	C,T
NZ_CP019267.1	4043928	T	T	C,T
NZ_CP019267.1	4046181	C	A,C	C
NZ_CP019267.1	4058749	G	G	A,G
NZ_CP019267.1	4061512	T	A,T	T
NZ_CP019267.1	4096078	C	C,T	C
NZ_CP019267.1	4099340	C	C,T	C
NZ_CP019267.1	4120265	C	A,C	C
NZ_CP019267.1	4125230	C	C	C,T
NZ_CP019267.1	4147227	T	A,T	T
NZ_CP019267.1	4158696	C	C	C,INS
NZ_CP019267.1	4165052	A	A	A,C
NZ_CP019267.1	4165058	C	C	C,T
NZ_CP019267.1	4171394	A	A,G	A
NZ_CP019267.1	4178283	C	C	C,T
NZ_CP019267.1	4179285	G	A,G	G
NZ_CP019267.1	4252255	G	G	A
NZ_CP019267.1	4263368	T	T	G,T
NZ_CP019267.1	4263371	A	A	A,T
NZ_CP019267.1	4263376	T	T	C,T
NZ_CP019267.1	4263378	G	G	A,G
NZ_CP019267.1	4263380	C	C	C,T
NZ_CP019267.1	4277442	T	T	C,T
NZ_CP019267.1	4294124	G	G/A	A,G
NZ_CP019267.1	4310320	C	C	T/C
NZ_CP019267.1	4313829	A	A,T	A
NZ_CP019267.1	4353487	G	G,T	G
NZ_CP019267.1	4363925	A	A,G	A
NZ_CP019267.1	4364520	G	G	C/G
NZ_CP019267.1	4373130	A	A	T
NZ_CP019267.1	4373770	T	C,T	T
NZ_CP019267.1	4375656	C	C,T	C
NZ_CP019267.1	4450323	A	A	A,T
NZ_CP019267.1	4458609	G	A,G	G
NZ_CP019267.1	4477028	C	A,C	C
NZ_CP019267.1	4485294	C	C,T	C
NZ_CP019267.1	4497879	G	A,G	G
NZ_CP019267.1	4506660	G	A,G	G
NZ_CP019267.1	4506737	T	G,T	T
NZ_CP019267.1	4507023	A	A	G
NZ_CP019267.1	4681317	C	C,T	C
NZ_CP019267.1	4681839	C	C,T	C
NZ_CP019267.1	4696276	T	C,T	C
NZ_CP019267.1	4697589	G	G,T	G
NZ_CP019267.1	4718208	G	G	A/G
NZ_CP022686.1	4585130	G	T	G
NZ_CP022686.1	4585131	A	C	A
NZ_CP022686.1	4585132	G	C	G
NZ_CP022686.1	4585992	A	A	G
NZ_CP022686.1	4586000	G	G	A,G
NZ_CP022686.1	4586054	A	A	G
NZ_CP022686.1	4586086	A	G	A
NZ_CP022686.1	4586102	G	C	G
NZ_CP022686.1	4586141	T	C	T
NZ_CP023386.1	1562391	T	C,T	T
NZ_CP023386.1	1562415	C	C,G	C
NZ_CP024147.1	583259	T	T	C
NZ_CP024147.1	583265	C	C	G
NZ_CP024147.1	583280	T	T	G
NZ_CP024147.1	583283	T	T	C
NZ_CP024147.1	583295	T	T	A
NZ_CP024147.1	583325	G	G	A
NZ_CP024147.1	583337	A	A	G
NZ_CP024147.1	583367	C	A	C
NZ_CP024147.1	609340	T	G,T	T
NZ_CP024147.1	610610	T	T	C
NZ_CP024147.1	1362678	G	A,G	G
NZ_CP024147.1	1379660	G	G	A
NZ_CP024147.1	3968623	T	C	T
NZ_CP024147.1	3968659	C	T	C
NZ_CP024147.1	3971674	A	A,T	A
NZ_CP024147.1	3971695	C	C	T
NZ_CP024147.1	3972674	A	A,C	A
NZ_CP027440.1	1027371	C	T	C
NZ_CP027440.1	1027515	C	C	T
NZ_CP027440.1	1027573	A	A	G
NZ_CP027440.1	1102592	T	A	T
NZ_CP027440.1	1102593	G	T	G
NZ_CP027440.1	1102636	G	A	G
NZ_CP027440.1	2695519	G	G	A
NZ_CP027457.1	3731227	C	C	T
NZ_CP027457.1	3731231	C	C	T
NZ_CP027457.1	3731251	C	C/G	T
NZ_CP027457.1	3731272	C	C	T
NZ_CP027457.1	3731287	A	G/A	A
NZ_CP027457.1	3731470	T	T/G	G
NZ_CP027457.1	3731515	G	G	A
NZ_CP027457.1	3731533	A	G	A
NZ_CP027457.1	3747492	A	A	C
NZ_CP027457.1	4301120	T	T	A
NZ_CP027457.1	4404384	G	G,T	G
NZ_CP027550.1	3873866	G	A	G
NZ_CP027550.1	3874038	G	A	G
NZ_CP028750.1	641794	T	T	C
NZ_CP028750.1	641810	T	T	C
NZ_CP028750.1	641812	C	C	T
NZ_CP028750.1	641828	T	T	A
NZ_CP028758.1	986595	C	C	T/C
NZ_CP028758.1	986603	A	A	A,G
NZ_CP028758.1	986622	C	C	C,T
NZ_CP028758.1	1425539	C	T	C
NZ_CP028758.1	1788937	A	A/G	G
NZ_CP028758.1	2923258	T	A	T
NZ_CP028758.1	2923337	T	T	C
NZ_CP028758.1	2923422	A	G	A
NZ_CP028758.1	3333396	A	A,T	A
NZ_CP028758.1	3333397	G	G,INS	G
NZ_CP028758.1	3333399	G	G,T	G
NZ_CP028758.1	3333400	C	A,C	C
NZ_CP028758.1	3333424	A	A,G	A
NZ_CP028758.1	3333479	C	C,G	C
NZ_CP028758.1	4619382	C	A/T	T
NZ_CP028758.1	4619398	T	T/A	A
NZ_CP028758.1	4619418	C	C/T	T
NZ_CP028758.1	4619433	T	T/A	A
NZ_CP028758.1	4619487	C	A,C	C
NZ_CP028758.1	4619536	G	G/A	A
NZ_CP030919.1	153569	G	G,T	G
NZ_CP030919.1	338840	C	C	T
NZ_CP030919.1	692091	C	C	T
NZ_CP030919.1	1201663	C	C	T/C
NZ_CP030919.1	1201695	G	A,G	G
NZ_CP030919.1	1488297	T	T	C
NZ_CP030919.1	1488298	A	G/A	A
NZ_CP030919.1	1540094	C	C	A/C
NZ_CP030919.1	1967441	G	G	A
NZ_CP030919.1	1967553	C	C	T
NZ_CP030919.1	1967562	G	A	G
NZ_CP030919.1	1967583	A	G	A
NZ_CP030919.1	1967586	C	T	C
NZ_CP030919.1	2082917	A	T	A
NZ_CP030919.1	2082983	C	T	C
NZ_CP030919.1	2083002	G	A	G
NZ_CP030919.1	2083004	T	C	T
NZ_CP030919.1	2083028	A	G	A
NZ_CP030919.1	2083034	G	C	G
NZ_CP030919.1	2610539	A	T	A
NZ_CP030919.1	2610548	G	A	G
NZ_CP030919.1	4346307	G	T/G	G
NZ_CP030919.1	4346358	T	T/C	C
NZ_CP030919.1	4465195	A	A	T
NZ_CP030919.1	4799251	T	C/T	T
NZ_CP030919.1	4799265	A	T/A	A
NZ_CP030919.1	4809855	G	C,G	C
NZ_CP030919.1	4809903	G	G	A
NZ_CP030919.1	4809936	C	C	T
NZ_CP030919.1	4809954	T	C,T	T
NZ_CP030919.1	4809957	A	A,G	G/A
NZ_CP030919.1	4809963	A	A,G	G
NZ_CP030919.1	4809981	A	A,G	G
NZ_CP030919.1	4810023	T	C,T	C
NZ_CP030919.1	4810050	G	G/A	A,G
NZ_CP030919.1	4810059	T	T	C
NZ_CP030919.1	4810071	T	C,T	T
NZ_CP030919.1	4810077	T	T	A,T
NZ_CP030919.1	4810089	T	C,T	C
NZ_CP030919.1	4810119	C	C,T	C/T
NZ_CP030919.1	4810122	G	A,G	T/G
NZ_CP030919.1	4810134	C	C,T	T/C
NZ_CP030919.1	4810137	C	C	T/C
NZ_CP030919.1	4810146	G	G	A
NZ_CP030919.1	4810170	T	C	T
NZ_CP030919.1	4810176	T	T	G
NZ_CP030919.1	4810191	T	G	T
NZ_CP030919.1	4810248	C	C	A
NZ_CP030919.1	4810267	T	T	C
NZ_CP030919.1	4810287	T	T	C
NZ_CP030919.1	4810296	C	T/C	C
NZ_CP033762.1	4807728	C	C/A	A,C
NZ_CP033762.1	4808754	G	A	G/A
NZ_CP035879.1	408492	G	A,G	A
NZ_CP035879.1	408494	C	C,T	T
NZ_CP035879.1	408497	T	C,T	C
NZ_CP035879.1	651566	G	A,G	G
NZ_CP035879.1	1299484	G	G	T
NZ_CP035879.1	1299571	A	A	C
NZ_CP035879.1	1299577	C	C,G	G
NZ_CP035879.1	1299588	T	C,T	T
NZ_CP035879.1	1299672	T	A,T	T
NZ_CP035879.1	1307449	A	C/A	A
NZ_CP035879.1	1312324	G	A	G
NZ_CP035879.1	1330419	T	T	C
NZ_CP035879.1	1330427	G	G	A
NZ_CP035879.1	1416534	A	A,C	A
NZ_CP035879.1	1464507	C	C,T/A	C
NZ_CP035879.1	1464534	C	C,T	C
NZ_CP035879.1	1464540	A	A,G	A
NZ_CP035879.1	1464546	G	G,T	G
NZ_CP035879.1	1464561	T	C,T	T
NZ_CP035879.1	2387703	G	G	A
NZ_CP035879.1	4255293	C	T	C
NZ_CP035879.1	4257292	T	A/T	T
NZ_CP035879.1	4257295	A	C/A	A
NZ_CP035879.1	4259699	C	T	C
NZ_CP035879.1	4427396	T	T/C	C
NZ_CP035879.1	4947179	G	G/T	T
NZ_CP035879.1	4947208	G	T/A,G	G
NZ_CP035879.1	4947376	A	A	T
NZ_CP035879.1	4947379	G	G	A
NZ_CP035879.1	4947388	A	A	G
NZ_CP035879.1	4947415	A	A	G
NZ_CP038383.1	4039459	C	T	C
NZ_CP038383.1	4069643	A	A,G	G
NZ_CP038383.1	5378952	A	C	A
NZ_CP038383.1	5379015	A	G	A
NZ_CP045827.1	1817277	G	T	G
NZ_CP045827.1	1817289	T	A	T
NZ_CP045827.1	1817838	C	T/C	C
NZ_CP045827.1	1817844	C	A/C	C
NZ_CP045827.1	2565653	G	G	C,G
NZ_CP045827.1	3256101	A	A,G	G/A
NZ_CP045827.1	3256227	C	T	C
NZ_CP045827.1	3274392	A	A,G	G
NZ_CP045827.1	4487760	T	T	C
NZ_CP045827.1	4719699	A	G	A
NZ_CP045827.1	4735549	A	A	T
NZ_CP045827.1	4735568	G	A,G	G
NZ_CP047600.1	4609277	G	G	T
NZ_CP047600.1	4609278	G	C	G
NZ_CP047600.1	4609397	C	C	T
NZ_CP047600.1	4609400	G	G	A
NZ_CP049204.1	3163577	C	C,T	C
NZ_CP049204.1	3165351	T	G,T	T
NZ_CP049204.1	3190984	C	C/A	A
NZ_CP049204.1	3733162	A	A	G
NZ_CP049204.1	3756641	A	DEL	A
NZ_CP049204.1	3756645	A	INS	A
NZ_CP053730.1	411624	G	A,G	G
NZ_CP053730.1	1045059	C	T	C
NZ_CP053730.1	1045256	G	A,G	G
NZ_CP053730.1	1075715	G	G,T	G
NZ_CP053730.1	1087043	T	G,T	G
NZ_CP053730.1	1097662	C	C,G	C
NZ_CP053730.1	1596786	C	C	T
NZ_CP053730.1	1596789	A	A	G
NZ_CP053730.1	1596798	T	T	C
NZ_CP053730.1	1596816	A	A	G
NZ_CP053730.1	1596846	T	T	C
NZ_CP053730.1	1596852	T	T	C
NZ_CP053730.1	1954911	G	A,G	A
NZ_CP053730.1	1954960	C	C	A
NZ_CP053730.1	1983514	C	C,T	T
NZ_CP053730.1	1983554	G	A,G	A
NZ_CP053730.1	2299657	A	A	G
NZ_CP053730.1	2931290	A	A,G	A
NZ_CP053730.1	2931299	A	A,G	A
NZ_CP053730.1	2931320	C	A,C	C
NZ_CP053730.1	3448530	A	A,G	G
NZ_CP053730.1	3448532	A	A,G	G
NZ_CP053730.1	3457008	A	A	T
NZ_CP053730.1	3457153	C	T/C	C
NZ_CP053730.1	3508207	T	T	C
NZ_CP053730.1	3558823	A	A	G
NZ_CP053730.1	3558838	A	T/A	A
NZ_CP053730.1	3558844	G	T/G	G
NZ_CP053730.1	3599807	A	A	G/A
NZ_CP053730.1	3635751	G	A,G	G
NZ_CP053730.1	3635875	A	A,G	A
NZ_CP053730.1	3635927	T	C,T	T
NZ_CP053730.1	3635957	A	A,G	A
NZ_CP053730.1	3636098	C	C,G	C
NZ_CP053730.1	3636129	G	A,G	G
NZ_CP053730.1	3637019	G	A,G	G
NZ_CP053730.1	3637046	T	G,T	T
NZ_CP053730.1	3637064	A	A,C	A
NZ_CP053730.1	3637531	A	A,C	A
NZ_CP053730.1	3637588	A	A,G	A
NZ_CP053730.1	3637627	A	A,C,T	A
NZ_CP053730.1	3637704	C	C,T	C
NZ_CP053730.1	3637708	A	A,C	A
NZ_CP053730.1	3637732	C	C,T	C
NZ_CP053730.1	3637741	A	A,C	A
NZ_CP053730.1	3637747	T	C,T	T
NZ_CP053730.1	3637786	A	A,G	A
NZ_CP053730.1	3637878	G	G,T	G
NZ_CP053730.1	3637958	G	C/G	G
NZ_CP053730.1	3638035	A	A,G	A
NZ_CP053730.1	3638079	A	A,G	A
NZ_CP053730.1	3638104	A	A,G	A
NZ_CP053730.1	3638106	G	G,T	G
NZ_CP053730.1	3638230	T	C,T	T
NZ_CP053730.1	3638482	G	A,G	G
NZ_CP053730.1	3638500	A	A,C	A
NZ_CP053730.1	3638769	A	A,G	A
NZ_CP053730.1	3638938	A	A,G	A
NZ_CP053730.1	3638968	A	A,G	A
NZ_CP053730.1	3638974	G	A,G	G
NZ_CP053730.1	3638976	C	C,T	C
NZ_CP053730.1	3639182	T	C,T	T
NZ_CP053730.1	3639188	A	A,G	A
NZ_CP053730.1	3640031	G	A,G	G
NZ_CP053730.1	3640032	T	C,T	T
NZ_CP053730.1	3640034	A	A,G	A
NZ_CP053730.1	3640048	G	A,G	G
NZ_CP053730.1	3640055	A	A,G	A
NZ_CP053730.1	3640130	C	C	T
NZ_CP053730.1	3640238	T	C/T	T
NZ_CP053730.1	3640566	A	T/A	A
NZ_CP053730.1	3640788	T	C,T	T
NZ_CP053730.1	3640841	A	A	A,T
NZ_CP053730.1	3640990	A	A	A,C
NZ_CP053730.1	3641070	T	C/T	T
NZ_CP053730.1	3641118	A	A,G	A
NZ_CP053730.1	3641136	A	A,T	A
NZ_CP053730.1	3641139	T	A,T	T
NZ_CP053730.1	3641187	T	C,T	T
NZ_CP053730.1	3641211	C	C,T	C
NZ_CP053730.1	3641214	A	A,G	A
NZ_CP053730.1	3641223	C	A,C	C
NZ_CP053730.1	3641247	T	C,T	T
NZ_CP053730.1	3641274	T	C,T	T
NZ_CP053730.1	3641310	A	A,G	A
NZ_CP053730.1	3641445	A	A,T	A
NZ_CP053730.1	3641517	C	C,T	C
NZ_CP053730.1	3642680	G	C,G	G
NZ_CP053730.1	3642707	A	A,C	A
NZ_CP053730.1	3643315	G	A,G	G
NZ_CP053730.1	3643324	A	A,G	A
NZ_CP053730.1	3643327	A	A,G	A
NZ_CP053730.1	3643345	T	C,T	T
NZ_CP053730.1	3643427	T	C,T	T
NZ_CP053730.1	3643429	G	A,G	G
NZ_CP053730.1	3643441	C	A,C	C
NZ_CP053730.1	3643628	G	A,G	G
NZ_CP053730.1	3644024	G	C,G	G
NZ_CP053730.1	3644093	A	A,G	A
NZ_CP053730.1	3644120	T	C,T	T
NZ_CP053730.1	3644143	A	A,G	A
NZ_CP053730.1	3645559	T	C,T	T
NZ_CP053730.1	3645577	G	A,G	G
NZ_CP053730.1	3645757	G	C,G	G
NZ_CP053730.1	3645767	G	G,T	G
NZ_CP053730.1	3645784	C	C,T	C
NZ_CP053730.1	3645814	T	A,T	T
NZ_CP053730.1	3645816	G	A,G	G
NZ_CP053730.1	3645817	A	A,T	A
NZ_CP053730.1	3645835	T	G,T	T
NZ_CP053730.1	3645853	A	A,G	A
NZ_CP053730.1	3645862	T	C,T	T
NZ_CP053730.1	3646333	A	A,G	A
NZ_CP053730.1	3646345	G	G,T	G
NZ_CP053730.1	3646363	C	C,T	C
NZ_CP053730.1	3653431	C	T/C	C
NZ_CP054345.1	1883817	G	A	G
NZ_CP054345.1	1910485	C	C	A
NZ_CP054345.1	1910498	T	T	C
NZ_CP054345.1	1910500	T	T	C
NZ_CP054345.1	2796979	G	G	T
NZ_CP054345.1	2796986	A	T	A
NZ_CP054345.1	2797001	C	T	C
NZ_CP054345.1	2797010	G	A	G
NZ_CP054345.1	2797037	G	T	G
NZ_CP054345.1	2797059	G	A	G
NZ_CP054345.1	2799411	C	C/A	A
NZ_CP068815.1	47453	C	T/C	C
NZ_CP068815.1	50817	C	T	C
NZ_CP068815.1	50827	G	G	A
NZ_CP068815.1	50891	C	C	A
NZ_CP068815.1	3939317	G	A/G	G
NZ_CP068815.1	4318387	G	G	A
NZ_CP069453.1	3396348	T	C	T
NZ_CP069453.1	3397275	C	A	C
NZ_CP069453.1	3693486	C	T	C
NZ_CP069453.1	3693552	A	T	A
NZ_CP069559.1	2385588	T	T	C
NZ_CP069559.1	2385638	G	G	T
NZ_CP069559.1	2385652	G	C	G
NZ_CP069559.1	2390293	G	A,G	A
NZ_CP069559.1	2390320	C	C,T	T
NZ_CP069559.1	2390327	G	A,G	G
NZ_CP069559.1	2390425	T	C,T	C/T
NZ_CP069559.1	2390660	C	C,T	C
NZ_CP071375.1	3672594	A	G	A
NZ_CP071375.1	3672597	A	C	A
NZ_CP071375.1	3672600	C	T	C
NZ_CP071375.1	3672606	T	A	T
NZ_CP071375.1	3672612	A	G	A
NZ_CP071375.1	3672627	T	C	T
NZ_CP071375.1	3672632	G	A	G
NZ_CP071375.1	3672633	C	T	C
NZ_CP071375.1	3672639	A	C	A,C
NZ_CP071375.1	3672642	T	C	T
NZ_CP071375.1	3672651	C	A	C
NZ_CP071375.1	3672654	G	A	G
NZ_CP071375.1	3672672	C	T	C
NZ_CP071375.1	3672678	T	A	G,T/A
NZ_CP071375.1	3672840	A	G/A	A
NZ_CP071375.1	3672849	C	C/T	T
NZ_CP071375.1	3672858	T	A/T	T
NZ_CP071375.1	3672894	C	T/C	C
NZ_CP071375.1	3672900	G	T/G	G
NZ_CP071375.1	3673349	G	A/G	G
NZ_CP071375.1	3673350	C	T/C	C
NZ_CP071375.1	3673353	G	A/G	G
NZ_CP071375.1	3673409	A	A/G	A,G
NZ_CP071375.1	3673418	G	G/C	C,G
NZ_CP071375.1	3673723	T	T	C,T
NZ_CP071375.1	3673729	T	T	A,T
NZ_CP071375.1	3673741	T	C	C,T
NZ_CP071375.1	3673744	G	G	G,T
NZ_CP071375.1	3673753	A	G	A/G
NZ_CP071375.1	3673756	T	C	C,T
NZ_CP071375.1	3673771	T	C	T/C
NZ_CP071375.1	3673773	A	G	A/G
NZ_CP071375.1	3673777	A	G	A,G
NZ_CP071375.1	3673780	T	C	T/C
NZ_CP071375.1	3673783	C	T	C/T
NZ_CP071375.1	3673786	T	A	T/A
NZ_CP071375.1	3673789	A	A	A,G
NZ_CP071375.1	3673792	G	T	G/T
NZ_CP071375.1	3673804	T	A	T/A
NZ_CP071375.1	3673807	C	G	C
NZ_CP071375.1	3676419	T	T	C
NZ_CP071375.1	3676436	G	G	A
NZ_CP071375.1	3676468	T	A/T	T
NZ_CP071375.1	3676537	C	C,G	C
NZ_CP071375.1	3921756	G	G	C
NZ_CP071375.1	3921762	C	C	T
NZ_CP071375.1	3921768	T	T	G
NZ_CP071375.1	3921873	C	C	A
NZ_CP071375.1	3921879	T	T	A
NZ_CP071375.1	3921896	T	T	G
NZ_CP073624.1	1862758	C	C	T
NZ_CP073624.1	1876833	C	C	T
NZ_CP073624.1	1876943	C	C	T
NZ_CP073624.1	1880910	G	A/G	G
NZ_CP073624.1	1880923	G	A/G	G
NZ_CP073624.1	1880946	C	T/C	C
NZ_CP073624.1	1881015	C	C	T
NZ_CP073624.1	1881048	T	T	C/T
NZ_CP073624.1	1881097	T	T	C/T
NZ_CP073624.1	3877553	G	G	A,G
NZ_CP073624.1	3877588	G	G	A,G
NZ_CP073624.1	3877850	C	C	A,C
NZ_CP073624.1	3877882	C	C	A,C
NZ_CP073624.1	3878942	G	G	A,G
NZ_CP073624.1	3878945	A	A	A,G
NZ_CP073624.1	3878948	C	C	C,T
NZ_CP073624.1	3879989	T	T	G,T
NZ_CP073624.1	4373877	G	A/G	G
NZ_CP073624.1	4374510	A	A,G	A
NZ_CP073624.1	4374530	G	A,G	G
NZ_CP073624.1	4374536	A	A,G	A
NZ_CP073624.1	4374551	T	C,T	T
NZ_CP073624.1	4374560	G	A,G	G
NZ_CP073624.1	4374629	T	G,T	T
NZ_CP073624.1	4375006	A	A/G	G/A
NZ_CP073624.1	4375013	G	G/C	C/G
NZ_CP073624.1	4375025	G	G	G,T
NZ_CP073624.1	4375026	C	C	C,T
NZ_CP073624.1	4375027	G	A,G	G
NZ_CP073624.1	4375040	G	A,G	G
NZ_CP073624.1	4375055	G	G/T	A,G
NZ_CP073624.1	4375067	T	C	C,T
NZ_CP073624.1	4375107	C	C,T	C
NZ_CP073624.1	4375110	A	G/A	A/G
NZ_CP073624.1	4377647	C	C	T/C
NZ_CP073624.1	4377651	A	A	T/A
NZ_CP073624.1	4379253	A	A,G	G
NZ_CP073624.1	4379299	C	C/T	T
NZ_CP073624.1	4381617	A	A,T/C	T
NZ_CP073624.1	4381618	T	C,T	C
NZ_CP073624.1	4381620	A	A,G	G
NZ_CP073624.1	4381623	G	G,T	T
NZ_CP073624.1	4381650	A	A,G	G
NZ_CP073624.1	4381686	C	C,T	C/T
NZ_CP073624.1	4381692	T	C,T	T/C
NZ_CP073624.1	4381713	C	A,C	C/A
NZ_CP073624.1	4381770	G	G,T	G
NZ_CP073624.1	4381776	G	A,G	G
NZ_CP073624.1	4382097	A	A	G/A
NZ_CP073624.1	4883485	C	C,T	C
NZ_CP073624.1	4883497	T	A,T	T
NZ_CP073624.1	4883515	T	T	G,T
NZ_CP073624.1	4883521	A	A	G
NZ_CP073624.1	4884657	T	T	C
NZ_CP073624.1	4884684	C	C	T
NZ_CP073624.1	4884693	C	C	T
NZ_CP073624.1	4884696	C	C	A
NZ_CP073624.1	4884708	T	T/A	A
NZ_CP073624.1	4884717	G	G/A	A
NZ_CP073624.1	4884729	C	C/T	T
NZ_CP073624.1	4884732	T	T/C	C
NZ_CP073624.1	4884747	T	T/A	A
NZ_CP073624.1	4884750	A	A/G	G
NZ_CP073624.1	4884759	C	C/T	T
NZ_CP073624.1	4884762	T	T	C
NZ_CP073624.1	4884768	C	C/A	A
NZ_CP073624.1	4884780	T	T/G	G
NZ_CP073624.1	4884783	T	T/C	C
NZ_CP073624.1	4884785	C	C,T	C
NZ_CP073624.1	4884795	C	C/T	T
NZ_CP073624.1	4884798	C	C/T	T
NZ_CP073624.1	4884804	C	C/T	T
NZ_CP073624.1	4884900	G	G/T	T
NZ_CP073624.1	4884924	A	A/G	G
NZ_CP080260.1	1062221	G	A,G	A
NZ_CP080260.1	1762909	A	G	A
NZ_CP080260.1	1762912	G	T	G
NZ_CP080260.1	1762924	T	A	T
NZ_CP080260.1	2732705	A	G	A
NZ_CP080260.1	2732708	A	A	C
NZ_CP080260.1	2734570	A	T	A
NZ_CP080260.1	2736185	T	T	G
NZ_CP080260.1	2737771	A	G/A	A
NZ_CP080260.1	2744631	A	G	A/G
NZ_CP080260.1	2744652	G	T	G/T
NZ_CP080260.1	2744670	T	C	T/C
NZ_CP080260.1	2744688	C	T	C
NZ_CP080260.1	2744727	C	T	C
NZ_CP080260.1	2745675	T	T	T,DEL
NZ_CP080260.1	2746946	T	G,T	T
NZ_CP080260.1	2746960	A	A,C	A
NZ_CP080260.1	4684070	C	C	T
NZ_CP080260.1	4684094	T	T	G
NZ_CP080260.1	4684103	A	A	T
NZ_CP080260.1	4684159	A	A	G
NZ_CP080260.1	4684161	T	T	C
NZ_CP081698.1	781490	C	C,INS	C
NZ_CP081698.1	788831	C	C,G	C
NZ_CP081698.1	1955347	A	A,G	G
NZ_CP081698.1	1965314	T	C,T	C
NZ_CP081698.1	1973030	G	C,G	C
NZ_CP081698.1	1973090	C	C/T	T
NZ_CP081698.1	1973117	C	C	T
NZ_CP081698.1	1973123	C	C	T
NZ_CP081698.1	1973132	C	C	G
NZ_CP081698.1	1973135	G	A	G
NZ_CP081698.1	1973138	G	G	A
NZ_CP081698.1	1973147	G	G	C
NZ_CP081698.1	1973150	T	T	C
NZ_CP081698.1	1973156	G	G	T
NZ_CP081698.1	2386455	T	A	T
NZ_CP081698.1	2386473	T	G,T	T
NZ_CP081698.1	2386483	C	C,T	C
NZ_CP081698.1	2386656	C	G	C
NZ_CP081698.1	2387189	C	T	C
NZ_CP081698.1	2387207	A	G	A
NZ_CP081698.1	2388933	A	G	A
NZ_CP081698.1	2388947	T	A	T
NZ_CP081698.1	2388969	T	C	T
NZ_CP081698.1	2388970	T	C	T
NZ_CP081698.1	2388972	T	C	T
NZ_CP081698.1	2388982	T	C/T	T
NZ_CP081698.1	2417677	G	T	G
NZ_CP081698.1	2417765	A	G	A
NZ_CP081698.1	3080319	G	G,DEL	G
NZ_CP081698.1	3717886	G	G	A
NZ_CP081698.1	4146341	A	A	G
NZ_CP081698.1	4381424	C	C,T	C
NZ_CP081698.1	4381457	C	C,T	C
NZ_CP081698.1	4381463	G	G,T	G
NZ_CP082774.1	713597	C	C/G	G
NZ_CP082774.1	3478513	A	A	C
NZ_CP082774.1	3478522	G	T	C
NZ_CP082774.1	3501076	C	C	T
NZ_CP082774.1	3501134	C	C	T
NZ_CP087290.1	3502658	T	T	C
NZ_CP087290.1	4794144	T	T	C/T
NZ_CP087290.1	4794217	G	A	G/A
NZ_CP087290.1	4794238	T	A	T
NZ_CP087290.1	4794278	T	C	T
NZ_CP087290.1	4794286	C	T	C
NZ_CP087290.1	4794295	A	T	A
NZ_CP088131.1	483858	G	G	A
NZ_CP088131.1	770653	C	C	C,T
NZ_CP088131.1	785126	C	C,T	C
NZ_CP088131.1	804736	C	C,T	T
NZ_CP088131.1	804748	C	C,T	C
NZ_CP088131.1	804751	C	C,T	C
NZ_CP088131.1	804763	C	C,T	C
NZ_CP088131.1	804770	T	G,T	T
NZ_CP088131.1	804791	A	A,G	A
NZ_CP088131.1	804792	A	A,C	A
NZ_CP088131.1	804794	C	C,T	C
NZ_CP088131.1	804795	A	A,G	A
NZ_CP088131.1	804829	C	T/C	C
NZ_CP088131.1	805315	T	C,T	T
NZ_CP088131.1	1220123	A	G	A
NZ_CP088131.1	1220272	G	G	G,T
NZ_CP088131.1	1220276	G	G	C,G
NZ_CP088131.1	1220278	T	T	G,T
NZ_CP088131.1	1220281	C	C	C,G
NZ_CP088131.1	1220315	A	G	A
NZ_CP088131.1	1220323	A	A	G
NZ_CP088131.1	2002876	T	C	T
NZ_CP088131.1	2002879	T	C	T
NZ_CP088131.1	2017089	C	C	A
NZ_CP088131.1	3788761	A	A	T
NZ_CP088131.1	4151937	C	A,C	C
NZ_CP088131.1	4196266	C	A,C	C
NZ_CP088131.1	4196316	G	G,T	G
NZ_CP089930.1	21860	T	C	T
NZ_CP089930.1	21869	G	T	G
NZ_CP089930.1	1359829	C	C	T/C
NZ_CP089930.1	1375199	C	C,G	C
NZ_CP089930.1	1375222	G	G	A
NZ_CP089930.1	1375235	C	C,T	C
NZ_CP089930.1	1375241	T	T	C
NZ_CP089930.1	1375253	C	C	A
NZ_CP089930.1	1375268	T	A,T	T
NZ_CP089930.1	1375361	T	T	C
NZ_CP089930.1	1375367	C	T	C
NZ_CP089930.1	1388019	G	G	A
NZ_CP089930.1	1388022	T	T	C
NZ_CP089930.1	1406815	A	A	G
NZ_CP089930.1	1406830	C	C	A
NZ_CP089930.1	1406848	G	G	A
NZ_CP089930.1	1406854	A	A	G
NZ_CP089930.1	1406857	A	A	G
NZ_CP089930.1	1406863	A	A	G
NZ_CP089930.1	1883318	A	A	G
NZ_CP089930.1	1883333	G	T	G
NZ_CP089930.1	1883339	A	A	G
NZ_CP089930.1	1883345	C	C	T
NZ_CP089930.1	1883351	C	G	C
NZ_CP089930.1	1883357	A	A	G
NZ_CP089930.1	1883366	T	T	C
NZ_CP089930.1	1883372	C	C	G
NZ_CP089930.1	1883376	G	G	A
NZ_CP089930.1	1883378	T	T	C
NZ_CP089930.1	1883384	G	G	C
NZ_CP089930.1	1911400	T	T	A
NZ_CP089930.1	1911418	G	G	INS
NZ_CP095448.1	4414293	A	A	C
NZ_CP095448.1	4473961	A	A	A,T
NZ_CP095448.1	4473991	G	G	A
NZ_CP095533.1	1989661	A	G,T	A/G
NZ_CP095533.1	1989670	C	A,C	C
NZ_CP095533.1	1989688	T	T	A,T
NZ_CP095533.1	1989691	A	A	A,G
NZ_CP095533.1	2073913	T	G	T
NZ_CP095533.1	3385412	G	A	G
NZ_CP095533.1	3385413	C	T	C
NZ_CP098206.1	1288145	C	C	T/C
NZ_CP098206.1	1288179	C	C	A
NZ_CP098206.1	1299109	C	C/T	T
NZ_CP098206.1	1299110	C	T/C	C
NZ_CP098206.1	1581835	G	T	G
NZ_CP098206.1	1917130	C	T	C
NZ_CP098206.1	1917140	G	G	A
NZ_CP098223.1	296730	A	A	G
NZ_CP098223.1	296742	C	T	C
NZ_CP098223.1	296748	A	A	G
NZ_CP098223.1	296754	A	A	C
NZ_CP098223.1	296760	C	C	T
NZ_CP098223.1	296784	T	T	C
NZ_CP098223.1	296793	T	T	C
NZ_CP098223.1	296799	A	A	G
NZ_CP098223.1	296802	T	T	C
NZ_CP098223.1	296814	C	C	G
NZ_CP098223.1	296817	T	T	G
NZ_CP098223.1	296826	G	G	A
NZ_CP098223.1	1225886	C	C	A
NZ_CP098223.1	1225892	T	T	G
NZ_CP098223.1	1225901	G	G	A
NZ_CP098223.1	1225918	C	C	T
NZ_CP098223.1	1225922	A	A	G
NZ_CP098223.1	1225925	A	A	G
NZ_CP098223.1	1225928	G	G	A
NZ_CP098223.1	1225930	T	T	C
NZ_CP098223.1	1225946	A	A	G
NZ_CP098223.1	1225949	A	A	G
NZ_CP098223.1	1225951	G	G	T
NZ_CP098223.1	2372760	G	G	A
NZ_CP098223.1	2375541	G	G	A
NZ_CP100500.1	904171	T	T	G
NZ_CP100500.1	904173	G	G	C
NZ_CP100500.1	904186	C	C	T
NZ_CP100500.1	1978196	G	G	A,G
NZ_CP100500.1	2172740	G	G	T
NZ_CP100500.1	2576766	G	A	G
NZ_CP100500.1	2576914	T	T	C/T
NZ_CP100500.1	3959808	T	C,T	T
NZ_CP100500.1	3963088	A	C	A
NZ_CP100500.1	3998898	T	A	T
NZ_CP100500.1	3998935	A	A	T
NZ_CP104371.1	4612692	T	G,T	T
NZ_CP104371.1	4612698	A	G/A	A
NZ_CP104371.1	4635553	T	C,T	T
NZ_CP104371.1	4635589	T	T	A
NZ_CP104371.1	4635670	T	T	C
NZ_CP104371.1	4935286	C	C	T
NZ_CP104371.1	4935294	T	G	T
NZ_CP104371.1	4935295	A	C	A
NZ_CP104598.1	242058	C	A,C	A
NZ_CP104598.1	1341695	G	A,G	G
NZ_CP104598.1	1699246	G	A	G
NZ_CP104598.1	1699249	A	A	T
NZ_CP104598.1	1699276	C	C	T
NZ_CP104598.1	1699290	C	C	T
NZ_CP104598.1	1699314	C	C	T
NZ_CP104598.1	1699315	A	A	G
NZ_CP104598.1	2767392	G	T	G
NZ_CP104598.1	2767395	A	G	A
NZ_CP104598.1	3001291	C	C,T	C
NZ_CP104598.1	3263271	C	C	T
NZ_CP104598.1	3264164	G	A	G
NZ_CP104598.1	3264212	C	C	T
NZ_CP104598.1	3926682	T	G,T	T
NZ_CP104598.1	3926698	G	A,G	G
NZ_CP106924.1	19298	C	T	C
NZ_CP106924.1	1798994	A	T	A
NZ_CP106924.1	1799021	G	A	G
NZ_CP106924.1	1799929	A	C	A
NZ_CP106924.1	1843008	G	G	C
NZ_CP106924.1	1863647	G	G,DEL	G
NZ_CP106924.1	2248020	A	A	DEL
NZ_CP106924.1	2456798	T	C/T	T
NZ_CP106924.1	3125154	G	T	G
NZ_CP106924.1	3151818	T	G	T
NZ_CP106924.1	3151851	C	C	T
NZ_CP106924.1	3151881	T	C	T
NZ_CP106924.1	3151890	A	A	G
NZ_CP106924.1	3225360	T	C,T	C
NZ_CP106924.1	3230643	T	T/A	A
NZ_CP106924.1	3231267	C	C	T
NZ_CP106924.1	3794695	A	A	G
NZ_CP106924.1	3794725	G	G	A
NZ_CP106924.1	3794733	A	A	C
NZ_CP106924.1	4611268	C	C,T	C
NZ_CP110511.1	8685	G	G	A
NZ_CP110511.1	8763	A	A	G
NZ_CP110511.1	100334	G	G	C
NZ_CP110511.1	100517	C	C/T	T
NZ_CP110511.1	2014183	G	G	A
NZ_CP110511.1	2014187	C	C	T
NZ_CP110511.1	2014227	T	G	T
NZ_CP110511.1	2014233	G	A	G
NZ_CP110511.1	2014276	T	C/T	T
NZ_CP110511.1	2014283	C	T/C	C
NZ_CP110511.1	2014286	T	G	T
NZ_CP110511.1	2014290	C	G/C	C
NZ_CP110511.1	2014360	C	T	C,T
NZ_CP110511.1	2014407	C	C,T	C
NZ_CP110511.1	3247302	A	A	C
NZ_CP110511.1	3247303	C	C	T
NZ_CP110511.1	3247315	A	A	G
NZ_CP110511.1	3247398	A	A	T
NZ_CP110511.1	3247399	G	G	A
NZ_CP110511.1	4475799	G	A	G
NZ_CP128931.1	1673925	A	A,G	A
NZ_CP128931.1	1673929	A	A,G	A
NZ_CP128931.1	1673952	A	A	G
NZ_CP128931.1	1682658	C	C	T
NZ_CP128931.1	3995892	C	T	C
NZ_CP128931.1	3995898	G	T	G
NZ_CP128931.1	4264741	G	T	G
NZ_CP128931.1	4264751	C	T	C
NZ_CP128931.1	4264757	T	C	T
NZ_CP128931.1	4264766	A	G	A
NZ_CP128931.1	4265655	T	G	T
NZ_CP128931.1	4265697	C	A	C
NZ_CP128931.1	4265728	C	A	C
NZ_CP128931.1	4265790	G	G	A
NZ_CP128931.1	4265948	T	T	G
NZ_CP128931.1	4267880	C	C	A
NZ_CP128931.1	4267920	G	T	G
NZ_CP128931.1	4267951	G	G	A
NZ_CP128931.1	4267977	A	G	A
NZ_CP128931.1	4304639	C	C	A
NZ_CP128931.1	4304645	G	G	A
NZ_CP128970.1	1990305	C	C	G
NZ_CP128970.1	1990311	C	C	T
NZ_CP128970.1	3955213	C	T/C	C
NZ_CP128970.1	3987923	C	T	C
NZ_CP128970.1	4366908	A	A,T	A
NZ_CP128970.1	4366966	G	C,G	G
NZ_CP128970.1	4375736	G	G	A
NZ_CP128970.1	4375760	G	G	A
NZ_CP128970.1	4750399	C	A,C	C
NZ_CP128970.1	4858387	A	T	A
NZ_CP128970.1	4877196	G	A,G	G
NZ_CP128970.1	4877244	C	T/C	C
NZ_CP134358.1	1095147	C	C	A
NZ_CP134358.1	1212437	C	T	C
NZ_CP134358.1	1227310	C	T	C
NZ_CP134358.1	1227322	C	C	T
NZ_CP134358.1	1227325	T	C	T
NZ_CP134358.1	1227328	A	G	A
NZ_CP134358.1	1227343	C	T	C
NZ_CP135649.1	25924	T	C	T
NZ_CP135649.1	25963	T	G	A
NZ_CP135649.1	1186855	G	G	T
NZ_CP135649.1	2602165	C	C	T
NZ_CP135649.1	2602168	A	T	A
NZ_CP135649.1	2602172	T	T	A
NZ_CP135649.1	2602173	C	C	T
NZ_CP135649.1	2602177	T	T	C
NZ_CP135649.1	2602178	G	G	A
NZ_CP135649.1	2602180	G	C	T
NZ_CP135649.1	2602183	T	A	T
NZ_CP135649.1	2602200	C	C	T
NZ_CP135649.1	3740140	G	A,G	G
NZ_CP135649.1	4059883	C	T	C
NZ_CP135649.1	4059898	G	A/G	G
NZ_CP135649.1	4059928	T	C/T	T
NZ_CP135649.1	4059970	A	A	G
NZ_CP135649.1	4059971	G	G	T
NZ_CP135649.1	4059973	A	A	T
NZ_CP135649.1	4059985	C	A	C
NZ_CP135649.1	4060000	T	C	T
NZ_CP135649.1	4060014	C	C	T
NZ_CP135649.1	4060018	A	A	C
NZ_CP135649.1	4060027	G	G	A
NZ_CP135649.1	4060029	T	C/T	T
NZ_CP135649.1	4060030	C	T/C	C
NZ_CP135649.1	4060038	C	C	T
NZ_CP135649.1	4061334	C	C	T
NZ_CP135649.1	4062244	C	C,T	C
NZ_CP135649.1	4062257	A	G	A
NZ_CP135649.1	4062301	C	C,T	A
NZ_CP135649.1	4063811	T	C,T	C
NZ_CP135649.1	4063814	C	C	T
NZ_CP135649.1	4063933	C	C,T	T
NZ_CP135649.1	4064048	A	A,DEL	A
NZ_CP135649.1	4064134	A	A,G	A
NZ_CP135649.1	4064155	C	T/C	C
NZ_CP135649.1	4064161	A	T/A	A
NZ_CP135649.1	4064164	C	T/C	C
NZ_CP135649.1	4064188	A	C/A	A
NZ_CP135649.1	4064204	G	A/G	G
NZ_CP135649.1	4064206	A	G/A	A
NZ_CP135649.1	4064209	A	T/A	A
NZ_CP135649.1	4064221	T	C/T	T
NZ_CP135649.1	4064236	T	A	T
NZ_CP135649.1	4064245	A	G	A
NZ_CP135649.1	4064273	G	T	G
NZ_CP135649.1	4064286	G	A	G
NZ_CP135649.1	4064299	C	C,T	C
NZ_CP135649.1	4064300	A	A	G
NZ_CP135649.1	4064304	T	C	T
NZ_CP135649.1	4064314	G	A	G
NZ_CP135649.1	4064317	T	G	T
NZ_CP135649.1	4064806	G	G	A/G
NZ_CP135649.1	4064835	A	A	DEL
NZ_CP135649.1	4064836	A	A,G	DEL
NZ_CP135649.1	4064837	G	G	DEL/G
NZ_CP135649.1	4064838	C	C	DEL
NZ_CP135649.1	4064839	T	A,T	DEL/T
NZ_CP135649.1	4064840	G	G	DEL/G
NZ_CP135649.1	4064841	G	G	DEL/G
NZ_CP135649.1	4064842	C	C	DEL/C
NZ_CP135649.1	4064843	A	A	DEL/A
NZ_CP135649.1	4064844	T	T	DEL/T
NZ_CP135649.1	4064845	T	T	DEL/T
NZ_CP135649.1	4064846	G	G	DEL
NZ_CP135649.1	4064847	T	T	DEL/T
NZ_CP135649.1	4064848	T	T	DEL/T
NZ_CP135649.1	4064870	C	C,T	C/T
NZ_CP135649.1	4064983	C	C	A
NZ_CP135649.1	4065010	A	A/T	T
NZ_CP135649.1	4065085	C	C/T	T
NZ_CP135649.1	4065103	G	G/A	A
NZ_CP135649.1	4065178	C	C	A
NZ_CP135649.1	4065429	T	T	C/T
NZ_CP135649.1	4065864	T	A,T	A
NZ_CP135649.1	4065897	T	A,T	A
NZ_CP135649.1	4065952	C	C,T	C
NZ_CP135649.1	4065956	C	A,C	A
NZ_CP135649.1	4066107	C	A,C	C
NZ_CP135649.1	4066152	G	A,G	A
NZ_CP135649.1	4066156	C	A,C	C
NZ_CP135649.1	4066168	G	G,T	G
NZ_CP135649.1	4066198	A	A,C	C
NZ_CP135649.1	4066279	G	G,T	G
NZ_CP135649.1	4066305	A	A,C	A
NZ_CP135649.1	4066614	C	C	T
NZ_CP135649.1	4066841	C	C	T
NZ_CP135649.1	4067103	G	A,G	G
NZ_CP135649.1	4067626	G	G/A	A
NZ_CP135649.1	4067644	G	G	A
NZ_CP135649.1	4067651	C	C	T
NZ_CP135649.1	4067674	A	A	G
NZ_CP135649.1	4068113	C	C,T	T
NZ_CP135649.1	4110137	C	C,T	C
NZ_CP135649.1	4569850	A	G	A
NZ_CP138428.1	504301	T	C,T	C
NZ_CP138428.1	504307	T	C,T	C
NZ_CP138428.1	504802	A	A	G
NZ_CP138428.1	504830	C	C	T
NZ_CP138428.1	504831	G	G	T
NZ_CP138428.1	504877	A	A	G
NZ_CP138428.1	504892	A	A	T
NZ_CP138428.1	504898	G	A	G
NZ_CP138428.1	505057	G	G/A	A
NZ_CP138428.1	506431	G	A/G	A,G
NZ_CP138428.1	506443	G	A,G	A/G
NZ_CP138428.1	506482	G	A,G	A/G
NZ_CP138428.1	507202	G	G	A,G
NZ_CP138428.1	507208	A	A	A,C
NZ_CP138428.1	507210	G	G	A,G
NZ_CP138428.1	507214	C	C	C,T
NZ_CP138428.1	507221	G	G	G,T
NZ_CP138428.1	510415	C	C	T
NZ_CP138428.1	870561	C	C,T	T
NZ_CP138428.1	1419195	C	T/C	C
NZ_CP138428.1	1419218	G	A	G
NZ_CP138428.1	2652104	A	A	G
NZ_CP138428.1	2652137	C	C,T	C
NZ_CP138428.1	2652203	G	A/G	G
NZ_CP138428.1	2652206	G	G/A	A
NZ_CP138428.1	2652209	T	T	A
NZ_CP138428.1	2652214	C	C	A
NZ_CP138428.1	2656990	G	G	A
NZ_CP138428.1	3423446	G	A/G	G
NZ_CP138428.1	4327884	C	A,C	A
NZ_CP138428.1	4521569	C	C,T	C/T
NZ_CP138428.1	4521570	G	G	A/G
NZ_CP138428.1	4521583	C	C,T	C/T
NZ_CP141765.1	224296	T	C	T
NZ_CP141765.1	1366256	T	T	G
NZ_CP141765.1	1366275	G	G	A,G
NZ_CP141765.1	1366313	T	T	C,T
NZ_CP141765.1	1366319	C	C	C,T
NZ_CP141765.1	1366320	G	G	G,T
NZ_CP141765.1	1366321	C	C	C,T
NZ_CP141765.1	1366323	C	C	T
NZ_CP141765.1	1366337	A	A	C,T
NZ_CP141765.1	1366341	A	A	C
NZ_CP141765.1	1366343	T	T	G
NZ_CP141765.1	1366346	G	G	A,G
NZ_CP141765.1	1366355	T	T	G,T
NZ_CP141765.1	1366364	T	T	G,T
NZ_CP141765.1	1366375	A	A	A,G
NZ_CP141765.1	1366379	G	G	A,G
NZ_CP141765.1	1366380	A	A	G/A
NZ_CP141765.1	1366381	A	A	A,G
NZ_CP141765.1	1366385	A	A	G/A
NZ_CP141765.1	1366392	G	G	A,G
NZ_CP141765.1	1366394	A	A	A,T
NZ_CP141765.1	1366400	C	C	C,T
NZ_CP141765.1	1366424	G	G	A/G
NZ_CP141765.1	1367528	G	G	A,G
NZ_CP141765.1	1367555	A	A	A,G
NZ_CP141765.1	1367831	T	T	G/T
NZ_CP141765.1	1367837	C	C	C,T
NZ_CP141765.1	1367850	C	C	C,T
NZ_CP141765.1	1367852	T	T	C/G,T
NZ_CP141765.1	1367855	A	A	C/A
NZ_CP141765.1	1367870	C	C	C,T
NZ_CP141765.1	1367876	C	C	C,T
NZ_CP141765.1	1367888	T	T	C,T
NZ_CP141765.1	1367891	C	C	C,T
NZ_CP141765.1	1367903	C	C	C,T
NZ_CP141765.1	1367906	C	C	C,T
NZ_CP141765.1	1367909	A	A	G/A
NZ_CP141765.1	1367918	G	G	A,G
NZ_CP141765.1	1367924	T	T	C,T
NZ_CP141765.1	1367931	G	G	A,G
NZ_CP141765.1	1367939	T	T	C/T
NZ_CP141765.1	1367944	G	G	C,G/T
NZ_CP141765.1	1367948	A	A	C,G/A
NZ_CP141765.1	1367952	G	G	A,G
NZ_CP141765.1	1367970	G	G	C,G
NZ_CP141765.1	1367975	T	T	C,T
NZ_CP141765.1	1367977	A	A	T/A
NZ_CP141765.1	1367981	C	C	A/C,T
NZ_CP141765.1	1367993	C	C	C,T
NZ_CP141765.1	1367994	C	C	C,T
NZ_CP141765.1	1367998	C	C	C,G
NZ_CP141765.1	1368006	C	C	C,G
NZ_CP141765.1	1368008	A	A	G/A
NZ_CP141765.1	1368032	T	T	C/T
NZ_CP141765.1	1368059	G	G	C,G
NZ_CP141765.1	1368068	T	T	A,T
NZ_CP141765.1	1368069	T	T	C,T
NZ_CP141765.1	1368071	G	G	G,T
NZ_CP141765.1	1368074	A	A	A,G
NZ_CP141765.1	1368075	G	G	C,G
NZ_CP141765.1	1368092	G	G	A,T
NZ_CP141765.1	1368104	C	C	C,T
NZ_CP141765.1	1368191	C	C	G
NZ_CP141765.1	1368218	G	G	A
NZ_CP141765.1	1368221	A	A	G
NZ_CP141765.1	1368227	T	T	G
NZ_CP141765.1	1368241	T	T	C
NZ_CP141765.1	1368261	G	G	A
NZ_CP141765.1	1368303	A	A	G
NZ_CP141765.1	1368446	T	T	C,T
NZ_CP141765.1	1368449	T	T	C,T
NZ_CP141765.1	1368450	A	A	A,G
NZ_CP141765.1	1368512	A	A	A,G
NZ_CP141765.1	3637114	C	C,T	C
NZ_CP141765.1	4748494	G	G	A/G
NZ_CP141765.1	4748519	A	A	G/A
NZ_CP141765.1	4748528	T	T	A/T
NZ_CP142442.1	1625118	A	A,G	A/G
NZ_CP142442.1	1625126	C	C,G	C/G
NZ_CP142442.1	1625130	C	C,T	C/T
NZ_CP142442.1	1625132	T	C,T	T/C
NZ_CP142442.1	1625134	C	C,G	C/G
NZ_LR134231.1	65331	G	A,G	G
NZ_LR134231.1	82405	G	A,G	G
NZ_LR134231.1	82408	C	C,T	C
NZ_LR134231.1	82411	T	C,T	T
NZ_LR134231.1	82417	A	A,T	A
NZ_LR134231.1	82447	A	A	A,G
NZ_LR134231.1	82459	A	A,G	A
NZ_LR134231.1	82481	G	A,G	G
NZ_LR134231.1	82498	T	C,T	T
NZ_LR134231.1	329546	C	C	T
NZ_LR134231.1	503247	A	A,G	A
NZ_LR134231.1	555850	T	G,T	T
NZ_LR134231.1	610262	A	A,G	A
NZ_LR134231.1	728015	G	A,G	G
NZ_LR134231.1	735606	C	C,T	C
NZ_LR134231.1	744020	C	C,G	C
NZ_LR134231.1	816693	G	G,T	G
NZ_LR134231.1	1004521	C	C	DEL
NZ_LR134231.1	1091573	G	A,G	G
NZ_LR134231.1	1092977	T	T	C,T
NZ_LR134231.1	1256332	C	C,G	C
NZ_LR134231.1	1461980	T	C,T	T
NZ_LR134231.1	1461992	G	C,G	G
NZ_LR134231.1	1462039	G	G,T	G
NZ_LR134231.1	1542005	A	A,C	A
NZ_LR134231.1	1717555	C	C,T	C
NZ_LR134231.1	1728173	T	A/T	T
NZ_LR134231.1	1728174	G	A/G	G
NZ_LR134231.1	1728200	C	C	T
NZ_LR134231.1	1728221	C	A/C	C
NZ_LR134231.1	1728224	C	C	T
NZ_LR134231.1	1728240	A	G/A	A
NZ_LR134231.1	1728257	T	T	A
NZ_LR134231.1	1728276	G	G	A
NZ_LR134231.1	1728305	T	T	C
NZ_LR134231.1	1728321	C	T	C
NZ_LR134231.1	1757312	A	T	A
NZ_LR134231.1	1757323	A	A,G	A
NZ_LR134231.1	1980177	T	C,T	T
NZ_LR134231.1	2015127	G	G	G,DEL
NZ_LR134231.1	2105273	G	A,G	G
NZ_LR134231.1	2108006	T	A,T	T
NZ_LR134231.1	2319642	T	T	G
NZ_LR134231.1	2319645	A	A	G
NZ_LR134231.1	2319876	C	C	T
NZ_LR134231.1	2983705	C	C	G
NZ_LR134231.1	3122234	G	G	T
NZ_LR134231.1	3122241	A	A	G
NZ_LR134231.1	3122242	C	C	T
NZ_LR134231.1	3122246	C	C	G
NZ_LR134231.1	3213086	T	C,T	T
NZ_LR134231.1	3752339	C	C	A/C
NZ_LR134231.1	4154470	G	A/G	G
NZ_LR134231.1	4154474	G	T/G	G
NZ_LR134231.1	4331321	T	T	A
NZ_LR134231.1	4331329	C	C,T	C
NZ_LR134231.1	4437759	T	T	G/T
