NC_011601.1	2717873	G	C	G
NC_011601.1	2717884	C	T	C
NC_011601.1	2717998	C	A	C
NC_011601.1	2718117	G	A/G	G
NC_011601.1	2718133	T	G/T	T
NC_011601.1	2718136	A	G/A	A
NC_011601.1	2718139	G	A/G	G
NC_011601.1	2719138	A	G	A
NC_011601.1	2719161	G	G	A
NC_011601.1	2727738	A	A	G
NC_011601.1	2730680	A	A	G
NC_011601.1	2732606	A	G	A
NC_011601.1	2732612	A	C	A
NC_011601.1	2732621	A	G	A
NC_011601.1	2732660	T	C	T
NC_011601.1	2732729	A	G	A
NC_011601.1	2732737	A	C/A	A
NC_011601.1	2732741	C	G	C
NC_011601.1	2732769	A	G	A
NC_011601.1	2732774	T	C	T
NC_011601.1	2732780	A	T/G	A
NC_011601.1	2732807	T	C	T
NC_011601.1	2732828	T	C	T
NC_011601.1	2732831	C	G	C
NC_011601.1	2732853	T	C	T
NC_011601.1	2732864	T	G	T
NC_011601.1	2733661	C	C	T
NC_011601.1	2733669	A	G	A
NC_011601.1	2733672	G	G	A
NC_011601.1	2733723	C	C/A	A
NC_011601.1	2733726	C	C/T	T
NC_011601.1	2733738	T	C,T	T
NC_011601.1	2733765	T	C/T	T
NC_011601.1	2733786	G	T	C
NC_011601.1	2733792	G	G	A
NC_011601.1	2737156	G	A	G
NC_011601.1	2737262	T	G	T
NC_011601.1	2737265	C	G	C
NC_011601.1	2737274	C	T	C
NC_011601.1	2737284	G	G	A
NC_011601.1	2737302	A	C	A
NC_011601.1	2737304	A	T	A
NC_011601.1	2737307	T	G	T
NC_011601.1	2737316	T	C	T
NC_011601.1	2737319	T	C	T
NC_011601.1	2737340	A	G	A
NC_011601.1	2737343	C	T	C
NC_011601.1	2737346	C	C	T
NC_011601.1	2737348	A	G	A
NC_011601.1	2737352	T	C	T
NC_011601.1	2739346	A	G	A
NC_011601.1	2739378	T	C	T
NC_011601.1	2739390	G	C	G
NC_011601.1	2739403	T	C	T
NC_011601.1	2739414	C	T	C
NC_011601.1	2739429	G	T	G
NC_011601.1	2740656	T	C	T
NC_011601.1	2740659	C	T	C
NC_011601.1	2740660	C	C	T
NC_011601.1	2740662	G	C	G
NC_011601.1	2740670	C	T	C
NC_011601.1	2740672	A	G	A
NC_011601.1	2740674	C	T	C
NC_011601.1	2740677	T	G	T
NC_011601.1	2740680	C	G	C
NC_011601.1	2740683	C	T	C
NC_011601.1	2740878	T	C	T
NC_011601.1	2740911	A	T	A
NC_011601.1	2740912	C	A	C
NC_011601.1	2740914	G	T	G
NC_011601.1	2740917	C	A	C
NC_011601.1	2740932	T	C	T
NC_011601.1	2745734	C	T	C
NC_011601.1	2745917	T	G	T
NC_011601.1	2745974	G	G	A
NC_011601.1	2746079	T	G	T
NC_011601.1	2746142	T	C	T
NC_011601.1	2746143	C	A	C
NC_011601.1	2746190	C	T	C
NC_011601.1	2746214	G	A	G
NC_011601.1	2746226	T	C	T
NC_011601.1	2746238	A	G	A
NC_011601.1	2746241	T	C	T
NC_011601.1	2746247	T	C	T
NC_011601.1	2746268	G	T	G
NC_011601.1	2746288	T	C	T
NZ_AP022087.1	2440127	A	A	C/A
NZ_AP022811.1	1023988	T	T	G
NZ_AP022811.1	1024002	C	T	C
NZ_AP022811.1	1024054	G	G	C
NZ_AP022811.1	4807569	C	C	T
NZ_AP023197.1	3026579	G	G	A
NZ_AP023197.1	4385733	T	C	T
NZ_AP023197.1	4386650	A	T	A
NZ_AP023197.1	4386652	T	C	T
NZ_AP027258.1	2318672	A	G	A
NZ_AP027258.1	2318690	G	A	G
NZ_AP027258.1	2318768	A	A	T
NZ_AP027258.1	2318828	A	A	G
NZ_AP027258.1	4788590	G	G	T
NZ_CP007390.1	3084037	G	T	G
NZ_CP007390.1	3084049	C	T	C
NZ_CP007390.1	4012032	A	G/A	A,G
NZ_CP007390.1	4012039	C	T/C	C,T
NZ_CP007390.1	4012120	G	A	G
NZ_CP007390.1	4012699	T	A/T	T/A
NZ_CP007390.1	4012744	A	A/G	G/A
NZ_CP007390.1	4012819	C	C	C,G
NZ_CP007390.1	4033833	G	G	A,G
NZ_CP007390.1	4047816	G	C/G	G
NZ_CP007390.1	4047825	T	A/T	T
NZ_CP007390.1	4047829	C	A/C	C
NZ_CP007390.1	4047835	C	A	C
NZ_CP007390.1	4048787	T	C,T	T
NZ_CP007390.1	4048805	C	C,T	C
NZ_CP007390.1	4049029	A	A/G	G
NZ_CP007390.1	4049444	C	C,T	C
NZ_CP007390.1	4049578	G	G	A
NZ_CP007390.1	4050024	C	A,C	C
NZ_CP007390.1	4050837	G	G,T	T
NZ_CP007390.1	4051182	G	A,G	G
NZ_CP007390.1	4051332	T	A	T
NZ_CP007390.1	4051431	C	T	C
NZ_CP007390.1	4051463	A	A	A,C
NZ_CP007390.1	4051563	G	A	A,G
NZ_CP007390.1	4052970	T	C,T	C
NZ_CP007390.1	4052983	C	C,T	T/C
NZ_CP007390.1	4053682	C	C,T	T
NZ_CP007390.1	4053683	G	G,T	T
NZ_CP007390.1	4053684	A	A,G	G
NZ_CP007390.1	4053693	T	C,T	C
NZ_CP007390.1	4053702	T	C/T	C,T
NZ_CP007390.1	4053714	G	G	C
NZ_CP007390.1	4053807	C	C/T	C,T
NZ_CP007390.1	4053810	G	T/C	C/G,T
NZ_CP007390.1	4053818	G	T/G	G
NZ_CP007390.1	4053820	A	C	A
NZ_CP007390.1	4053859	A	A	A,G
NZ_CP007390.1	4053860	C	C	C,T
NZ_CP007390.1	4053884	T	T	G,T
NZ_CP007390.1	4053902	C	C	C,T
NZ_CP007390.1	4054007	C	C	C,T
NZ_CP007390.1	4054028	A	A	A,G
NZ_CP007390.1	4054085	A	A,G	A/G
NZ_CP007390.1	4054162	T	T	C,T
NZ_CP007390.1	4054175	C	C	C,T
NZ_CP007390.1	4054194	C	C	C,T,DEL
NZ_CP007390.1	4054195	G	G	G,T
NZ_CP007390.1	4054198	G	G	C,G
NZ_CP007390.1	4054199	T	T	G,T
NZ_CP007390.1	4054218	T	T	C,T
NZ_CP007390.1	4054240	A	A	G/A
NZ_CP007390.1	4054242	G	G	C,G
NZ_CP007390.1	4054273	T	T	C,T
NZ_CP007390.1	4054275	A	A	A,G/C
NZ_CP007390.1	4054376	A	A,T	A
NZ_CP007390.1	4054383	A	A,G	A
NZ_CP007390.1	4054386	C	C,G	C
NZ_CP007390.1	4054399	C	C,T	C
NZ_CP007390.1	4054401	G	A,G	G/A
NZ_CP007390.1	4054433	A	A,T	A
NZ_CP007390.1	4054563	C	C	A
NZ_CP007390.1	4054569	A	A,G	G
NZ_CP007390.1	4054570	C	C,G	G
NZ_CP007390.1	4054571	G	C,G	C
NZ_CP007390.1	4054572	T	G,T	G
NZ_CP007390.1	4054578	A	A,T	T
NZ_CP007390.1	4054581	A	A,G	G
NZ_CP007390.1	4054584	C	C,G	G
NZ_CP007390.1	4054587	G	A,G	A
NZ_CP007390.1	4054588	C	C,T	T
NZ_CP007390.1	4054593	G	C,G	C
NZ_CP007390.1	4055429	C	T	C/T
NZ_CP007390.1	4055437	A	G	A
NZ_CP007390.1	4055443	G	A	G/A
NZ_CP007390.1	4055469	C	C	T/C
NZ_CP007390.1	4055470	C	C,T	C
NZ_CP007390.1	4055482	C	C,T	C
NZ_CP007390.1	4055485	C	T	C
NZ_CP007390.1	4055494	A	T	A/T
NZ_CP007390.1	4055519	G	A,G	G/A
NZ_CP007390.1	4055541	G	A	A,G
NZ_CP007390.1	4055549	G	A,G	G
NZ_CP007390.1	4055565	G	G,INS	G
NZ_CP007390.1	4055569	G	G	C,G
NZ_CP007390.1	4055588	G	INS/G	G
NZ_CP007390.1	4055589	A	A	A,T
NZ_CP007390.1	4055590	C	C	C,T
NZ_CP007390.1	4055591	C	C,G	C
NZ_CP007390.1	4055592	A	A,C	A
NZ_CP007390.1	4055594	G	G,T	G
NZ_CP007390.1	4055598	C	C	C,T
NZ_CP007390.1	4055604	C	C	C,T
NZ_CP007390.1	4055607	A	A,INS	A
NZ_CP007390.1	4055616	T	C,T	T
NZ_CP007390.1	4055627	G	G	A,G
NZ_CP007390.1	4055631	C	C,T	C
NZ_CP007390.1	4055634	C	C	C,T
NZ_CP007390.1	4055638	C	C	A,C
NZ_CP007390.1	4055640	T	T	C,T
NZ_CP007390.1	4055700	C	G/C	C,G
NZ_CP007390.1	4055701	T	T	C,T
NZ_CP007390.1	4055892	G	A	G
NZ_CP007390.1	4055900	C	T/C	C
NZ_CP007390.1	4055904	C	C	C,T
NZ_CP007390.1	4055916	A	A/T	T
NZ_CP007390.1	4055919	A	A/G	G
NZ_CP007390.1	4055961	G	G	A
NZ_CP007390.1	4055974	T	C	T
NZ_CP007390.1	4057983	A	A,G	A
NZ_CP007390.1	4058001	G	C,G	C
NZ_CP007390.1	4058078	A	A	C/A
NZ_CP007390.1	4058084	G	G	G,T
NZ_CP007390.1	4058093	C	C,T	A,C
NZ_CP007390.1	4058118	C	C,T	C
NZ_CP007390.1	4058130	A	A/T	A,T
NZ_CP007390.1	4058132	A	A/DEL	A,DEL
NZ_CP007390.1	4058133	T	T/C	C,T
NZ_CP007390.1	4058983	A	A	G/A
NZ_CP007390.1	4059017	C	A	C/A
NZ_CP007390.1	4059018	A	C	A/C
NZ_CP007390.1	4059019	C	G	C/G
NZ_CP007390.1	4059060	C	C,T	T
NZ_CP007390.1	4059068	A	A,G	A/G
NZ_CP007390.1	4059069	A	A,G	A/G
NZ_CP007390.1	4059070	G	G	A,G
NZ_CP007390.1	4059084	A	A,G	G
NZ_CP007390.1	4059087	A	A,G	G
NZ_CP007390.1	4059096	G	A,G	A
NZ_CP007390.1	4059108	A	A	A,G
NZ_CP007390.1	4059127	A	A/G	G/A
NZ_CP007390.1	4059168	T	G,T	T/G
NZ_CP007390.1	4059177	C	C,G	C
NZ_CP007390.1	4059195	A	A,T/G	T
NZ_CP007390.1	4059593	A	C,G	G
NZ_CP007390.1	4059609	T	G,T	T
NZ_CP007390.1	4059610	T	A,T	T
NZ_CP007390.1	4059611	C	A,C	C
NZ_CP007390.1	4059622	G	A,G	G
NZ_CP007390.1	4059626	C	C,T	C
NZ_CP007390.1	4059853	A	A,G	A
NZ_CP007390.1	4059883	A	A,C	A
NZ_CP007390.1	4060896	G	A,G	G
NZ_CP007390.1	4061025	A	A	G/A
NZ_CP007390.1	4061637	A	G/A	A
NZ_CP007390.1	4061667	T	C,T/A	T/C
NZ_CP007390.1	4061883	A	G/A	A,G
NZ_CP007390.1	4061909	A	A/G	DEL/A
NZ_CP007390.1	4062160	G	G/A	A/G
NZ_CP007390.1	4062446	G	G/T	A,G
NZ_CP007390.1	4062468	G	G/A,C	C,G
NZ_CP007390.1	4062504	T	A,T	T
NZ_CP007390.1	4062589	C	G	C,G
NZ_CP007390.1	4062597	G	A/G	G
NZ_CP007390.1	4062604	T	C/T	C,T
NZ_CP007390.1	4063108	A	C/A	A
NZ_CP007390.1	4063254	C	C	T
NZ_CP007390.1	4063336	A	C	A
NZ_CP007390.1	4063337	A	G	A
NZ_CP007390.1	4063339	A	G	A
NZ_CP007390.1	4063491	G	T	A
NZ_CP007390.1	4063524	G	G	A/G
NZ_CP007390.1	4063596	C	T	C
NZ_CP007390.1	4063620	A	G	A/G
NZ_CP007390.1	4063623	T	G	T/G
NZ_CP007390.1	4063626	G	A	G/A
NZ_CP007390.1	4063629	T	C	T/C
NZ_CP007390.1	4063946	C	DEL	C
NZ_CP007390.1	4063947	C	DEL	C
NZ_CP007390.1	4063948	G	DEL	G
NZ_CP007390.1	4063949	T	DEL	T
NZ_CP007390.1	4063950	T	DEL	T
NZ_CP007390.1	4063954	T	C	T
NZ_CP007390.1	4064015	T	A,T	T
NZ_CP007390.1	4064021	T	C,T	C/T
NZ_CP007390.1	4064022	C	C,T	T/C
NZ_CP007390.1	4064024	T	C,T	C/T
NZ_CP007390.1	4064039	T	G	G,T
NZ_CP007390.1	4064042	C	C,T	C
NZ_CP007390.1	4064048	T	C	C,T
NZ_CP007390.1	4064473	C	T	C
NZ_CP007390.1	4064491	C	T/C	C
NZ_CP007390.1	4064495	T	C	T/C
NZ_CP007390.1	4064497	A	G	A/G
NZ_CP007390.1	4064533	T	T	C,T
NZ_CP007390.1	4064534	T	T	C,T
NZ_CP007390.1	4064551	C	T	C/T
NZ_CP007390.1	4064554	T	C,T	T
NZ_CP007390.1	4064560	A	A	A,G
NZ_CP007390.1	4064566	A	A	A,T
NZ_CP007390.1	4064575	C	C,T	C
NZ_CP007390.1	4064584	A	A,T	A
NZ_CP007390.1	4064590	C	T	C,T
NZ_CP007390.1	4064591	A	G	A,G
NZ_CP007390.1	4064592	A	G/A	A,G
NZ_CP007390.1	4064593	C	A/C	A,C
NZ_CP007390.1	4064597	C	A	A,C
NZ_CP007390.1	4064620	C	C	C,T
NZ_CP007390.1	4064626	G	A	G
NZ_CP007390.1	4064627	G	A	G
NZ_CP007390.1	4064629	C	T	C,T
NZ_CP007390.1	4064632	T	T	C,T
NZ_CP007390.1	4064641	G	A/G	A,G
NZ_CP007390.1	4064650	T	G	T/G
NZ_CP007390.1	4064653	C	G/T	C/G
NZ_CP007390.1	4064659	G	G	A,G
NZ_CP007390.1	4064665	C	C/T	C,T
NZ_CP007390.1	4064668	G	G/A	A,G
NZ_CP007390.1	4064680	T	C/T	T
NZ_CP007390.1	4064809	T	A/T	A,T
NZ_CP007390.1	4065177	G	A	A,G
NZ_CP007390.1	4065205	A	C	C,T
NZ_CP007390.1	4065478	G	G	A,G
NZ_CP007390.1	4065487	G	A,G	G/A
NZ_CP007390.1	4065493	C	C	T/C
NZ_CP007390.1	4065925	T	C/T	C,T
NZ_CP007390.1	4065926	G	A/G	G
NZ_CP007390.1	4065928	G	T/G	G
NZ_CP007390.1	4066114	T	C,T	T/C
NZ_CP007390.1	4066136	C	C,T	C
NZ_CP007390.1	4066137	A	A,T	A
NZ_CP007390.1	4066141	T	C,T	T
NZ_CP007390.1	4066185	A	A,G	G
NZ_CP007390.1	4066195	A	A,G	G
NZ_CP007390.1	4066199	G	A,G	A
NZ_CP007390.1	4066213	C	C,T	C
NZ_CP007390.1	4066325	T	A	T
NZ_CP007390.1	4066665	C	A	C/G
NZ_CP007390.1	4066666	G	A	G
NZ_CP007390.1	4066672	G	A	G/A
NZ_CP007390.1	4066681	C	C	T
NZ_CP007390.1	4066683	G	G	A
NZ_CP007390.1	4066684	T	T	C
NZ_CP007390.1	4066723	A	A,G	A
NZ_CP007390.1	4066732	C	T/C	C
NZ_CP007390.1	4066759	A	A	G/A
NZ_CP007390.1	4066818	T	A,G	A
NZ_CP007390.1	4066822	A	A	T
NZ_CP007390.1	4066884	A	T/A	A/T
NZ_CP007390.1	4066914	G	A	G
NZ_CP007390.1	4066917	C	T	C
NZ_CP007390.1	4066923	C	T/C	C
NZ_CP007390.1	4066937	A	G	A
NZ_CP007390.1	4066941	C	T	C
NZ_CP007390.1	4066953	G	G	A,G
NZ_CP007390.1	4066966	A	A,G	A
NZ_CP007390.1	4067460	G	G	A,G
NZ_CP007390.1	4067592	G	A,G	G
NZ_CP007390.1	4067626	A	A,DEL	A
NZ_CP007390.1	4067627	G	G,DEL	G
NZ_CP007390.1	4067628	T	T,DEL	T
NZ_CP007390.1	4067629	A	A,DEL	A
NZ_CP007390.1	4067635	A	A,INS	A
NZ_CP007390.1	4067647	C	C,DEL	C
NZ_CP007390.1	4067648	A	A,DEL	A
NZ_CP007390.1	4067736	A	A	A,C
NZ_CP007390.1	4067739	T	C	C,T/G
NZ_CP007390.1	4067927	T	T	C,T
NZ_CP007390.1	4067933	T	INS	T,INS
NZ_CP007390.1	4067973	A	G	A
NZ_CP007390.1	4067992	A	A,G	A
NZ_CP007390.1	4067993	T	C,T	T
NZ_CP007390.1	4067994	G	A,G	G
NZ_CP007390.1	4068015	T	A,T	T
NZ_CP007390.1	4068019	T	T,INS	T
NZ_CP007390.1	4068020	T	C,T	T
NZ_CP007390.1	4068029	T	C,T	T
NZ_CP007390.1	4068041	A	A,G	A
NZ_CP007390.1	4068062	C	C	C,T
NZ_CP007390.1	4068066	C	C,T	C
NZ_CP007390.1	4068080	T	C,T	T
NZ_CP007390.1	4068084	C	C,T	C
NZ_CP007390.1	4068097	G	G,T	G
NZ_CP007390.1	4068105	C	C,INS	C
NZ_CP007390.1	4068116	C	C,G	C
NZ_CP007390.1	4068121	C	C,T	C
NZ_CP007390.1	4068124	C	C,T	C
NZ_CP007390.1	4068127	C	C,T	C
NZ_CP007390.1	4068130	T	C	T
NZ_CP007390.1	4068257	C	C	C,T
NZ_CP007390.1	4068286	A	A	A,C
NZ_CP007390.1	4068582	G	A/G	G
NZ_CP007390.1	4068599	G	A/G	G
NZ_CP007390.1	4068604	A	C/A	A
NZ_CP007390.1	4068633	A	A	A,G
NZ_CP007390.1	4069142	G	DEL/A	G
NZ_CP007390.1	4069143	G	A/G	G
NZ_CP007390.1	4069246	C	T/C	C/T
NZ_CP007390.1	4069249	C	C	T/C
NZ_CP007390.1	4069255	A	G/A	A/G
NZ_CP007390.1	4069258	T	C/T	T/C
NZ_CP007390.1	4069261	T	G/T	T/G
NZ_CP007390.1	4069273	T	C,T	T/C
NZ_CP007390.1	4069783	A	A,G	A/G
NZ_CP007390.1	4069840	A	G	A/G
NZ_CP007390.1	4069864	A	G	A/G
NZ_CP007390.1	4069927	G	T	G/T
NZ_CP007390.1	4069933	T	C/T	T
NZ_CP007390.1	4069936	C	A	C/A
NZ_CP007390.1	4069945	A	G/A	A
NZ_CP007390.1	4069956	G	C,G	G
NZ_CP007390.1	4069957	T	C	T/C
NZ_CP007390.1	4069969	T	C	T
NZ_CP007390.1	4069972	A	C	A
NZ_CP007390.1	4069973	A	C	A
NZ_CP007390.1	4069984	G	A	G
NZ_CP007390.1	4069987	G	A	G
NZ_CP007390.1	4069994	G	A	G
NZ_CP007390.1	4070014	A	G	A
NZ_CP007390.1	4070015	A	G	A
NZ_CP007390.1	4073731	C	C	T/C
NZ_CP007390.1	4074582	A	C	A
NZ_CP007390.1	4074691	G	T	G
NZ_CP007390.1	4074738	C	T	C/T
NZ_CP007390.1	4075205	G	G	A/G
NZ_CP007390.1	4075220	A	A	T
NZ_CP007390.1	4075226	C	T	C,T
NZ_CP007390.1	4075232	C	C	C,G
NZ_CP007390.1	4077889	C	C	T
NZ_CP007390.1	4078534	C	C	C,T
NZ_CP007390.1	4080169	T	C	T
NZ_CP007390.1	4081975	C	C	G/C
NZ_CP007390.1	4082020	A	A	G/A
NZ_CP007390.1	4082068	G	G	A/G
NZ_CP007390.1	4082084	T	A	T
NZ_CP007390.1	4082128	T	T	G,T
NZ_CP007390.1	4082827	C	C	T
NZ_CP007390.1	4082839	A	A	G
NZ_CP007390.1	4083123	A	G	A
NZ_CP007390.1	4083138	G	A	A,G
NZ_CP007390.1	4083396	G	A/G	G
NZ_CP007390.1	4085144	C	T	C,T
NZ_CP007390.1	4085201	T	A	T/A
NZ_CP007390.1	4085283	G	G	A,G
NZ_CP007390.1	4086050	C	C	A,C
NZ_CP007390.1	4086076	T	T	C,T
NZ_CP007390.1	4087432	T	C	T
NZ_CP007390.1	4087460	C	T	C
NZ_CP007390.1	4088281	C	T	C
NZ_CP007390.1	4088287	T	C	C,T
NZ_CP007390.1	4088293	C	T	C
NZ_CP007390.1	4088404	C	C	A,C
NZ_CP007390.1	4088423	C	C	C,G
NZ_CP007390.1	4088476	T	G	G,T
NZ_CP007390.1	4088479	A	G	A
NZ_CP007390.1	4088491	C	T	C
NZ_CP007390.1	4088527	G	A	G/A
NZ_CP007390.1	4090059	T	C	C,T
NZ_CP007390.1	4090341	T	T	C,T
NZ_CP007390.1	4090413	T	C	C,T
NZ_CP007390.1	4091103	C	A	C
NZ_CP007390.1	4091163	C	T	C/T
NZ_CP007390.1	4091214	A	T	A
NZ_CP007390.1	4091215	A	C	A
NZ_CP007390.1	4091216	G	A	G
NZ_CP007390.1	4091217	A	G	A
NZ_CP007390.1	4091229	A	C	A
NZ_CP007390.1	4091610	T	G	T
NZ_CP007390.1	4091619	A	C	A
NZ_CP007390.1	4091640	T	C	T
NZ_CP007390.1	4093113	A	A	A,G
NZ_CP007390.1	4093344	G	A/G	G
NZ_CP007390.1	4093725	C	C	C,DEL
NZ_CP007390.1	4093733	G	G	A,G
NZ_CP007390.1	4093964	A	A	A,G
NZ_CP007390.1	4093974	G	A,G	G
NZ_CP007390.1	4093977	C	A/C	C
NZ_CP007390.1	4094259	C	C	A,C
NZ_CP007390.1	4096070	G	A	G
NZ_CP007390.1	4096072	T	T	C,T
NZ_CP007390.1	4096076	A	G	A
NZ_CP007390.1	4096124	A	G	A
NZ_CP007390.1	4096126	G	A	G
NZ_CP007390.1	4096146	C	T	C/T
NZ_CP007390.1	4096174	G	A	G/A
NZ_CP007390.1	4096208	C	C	C,T
NZ_CP007390.1	4096220	C	C,T	C
NZ_CP007390.1	4096224	A	G/A	A,G
NZ_CP007390.1	4096291	T	C,T	T
NZ_CP007390.1	4096313	C	C	C,T
NZ_CP007390.1	4096424	G	G	A/G
NZ_CP007390.1	4096433	G	G	A/G
NZ_CP007390.1	4096439	T	T	C/T
NZ_CP007390.1	4096460	T	C,T	C/T
NZ_CP007390.1	4096463	G	A,G	G
NZ_CP007390.1	4097144	T	T	C
NZ_CP007390.1	4097165	G	A	G
NZ_CP007390.1	4097366	G	A	G
NZ_CP007390.1	4098443	G	A,C	G/C
NZ_CP007390.1	4098461	T	C,T	T
NZ_CP007390.1	4098479	G	T	G,T
NZ_CP007390.1	4098493	C	T/C	C,T
NZ_CP007390.1	4098503	G	C/G	C,G
NZ_CP007390.1	4098514	A	T/A	A,T
NZ_CP007390.1	4098515	T	G/T	G,T
NZ_CP007390.1	4098521	G	A/G	A,G
NZ_CP007390.1	4098522	T	G/T	G,T
NZ_CP007390.1	4098526	C	G/C	C,G
NZ_CP007390.1	4098527	A	G/A	A,G
NZ_CP007390.1	4098531	C	C/A	A,C
NZ_CP007390.1	4098551	C	C/T	C,T
NZ_CP007390.1	4098560	T	G/T	G,T
NZ_CP007390.1	4098573	G	C/G	C,G
NZ_CP007390.1	4098600	A	C/A	A,C
NZ_CP007390.1	4098601	T	A/T	A,T
NZ_CP007390.1	4098602	G	T/G	G,T
NZ_CP007390.1	4098623	A	A/G	A,G
NZ_CP007390.1	4099321	C	C	C,T
NZ_CP007390.1	4099562	C	C	C,T
NZ_CP007390.1	4099607	G	A	G/A
NZ_CP007390.1	4100321	C	T	C/T
NZ_CP007390.1	4100522	A	G/A	A/G
NZ_CP007390.1	4100543	T	G/T	T
NZ_CP007390.1	4100939	T	C	C,T
NZ_CP007390.1	4100960	T	T	A,T
NZ_CP007390.1	4101045	A	A,G	G/T
NZ_CP007390.1	4101052	T	C,T	T
NZ_CP007390.1	4101053	A	A,T	A
NZ_CP007390.1	4101054	A	A,T	A/T
NZ_CP007390.1	4101096	C	C,T	T/C
NZ_CP007390.1	4101109	G	A,G	G
NZ_CP007390.1	4101116	G	G,T	G
NZ_CP007390.1	4101125	G	A,G	G
NZ_CP007390.1	4101126	G	A,G	G
NZ_CP007390.1	4101140	C	C,T	T
NZ_CP007390.1	4101182	C	C,T	T
NZ_CP007390.1	4101222	T	T	C,T
NZ_CP007390.1	4101232	C	C	T/C
NZ_CP007390.1	4101237	G	A/G	G/A
NZ_CP007390.1	4101264	G	G	A
NZ_CP007390.1	4101273	C	C	T
NZ_CP007390.1	4101288	C	A/C	C
NZ_CP007390.1	4102146	G	A	G
NZ_CP007390.1	4102179	A	G	A
NZ_CP007390.1	4102182	A	G	A
NZ_CP007390.1	4102206	A	A,T	A
NZ_CP007390.1	4102212	A	A,G	A
NZ_CP007390.1	4102227	G	A/G	G
NZ_CP007390.1	4102230	G	G	A
NZ_CP007390.1	4102247	A	C	A
NZ_CP007390.1	4102248	T	C	C,T
NZ_CP007390.1	4102275	C	C	T
NZ_CP007390.1	4102278	C	G	C
NZ_CP007390.1	4102302	A	A	G
NZ_CP007390.1	4102317	G	C	G
NZ_CP007390.1	4102335	C	T	C
NZ_CP007390.1	4102344	G	T/G	G
NZ_CP007390.1	4102365	G	A	G
NZ_CP007390.1	4102366	G	T	G
NZ_CP007390.1	4102368	G	A	G
NZ_CP007390.1	4102369	C	A	C
NZ_CP007390.1	4102410	G	A/G	G
NZ_CP007390.1	4102416	G	A/G	G
NZ_CP007390.1	4102422	C	T	C
NZ_CP007390.1	4102435	A	A,C	A
NZ_CP007390.1	4102443	G	T	G
NZ_CP007390.1	4102444	T	G	T
NZ_CP007390.1	4102447	G	G	T/G
NZ_CP007390.1	4102449	C	A	C
NZ_CP007390.1	4102480	G	C	G
NZ_CP007390.1	4104010	T	C	T
NZ_CP007390.1	4104062	A	G	A
NZ_CP007390.1	4104133	G	T/G	G
NZ_CP007390.1	4104141	C	T/C	C
NZ_CP007390.1	4104178	G	A,G	G
NZ_CP007390.1	4104181	T	G,T	T
NZ_CP007390.1	4105067	C	C,T	C
NZ_CP007390.1	4105097	T	C	T
NZ_CP007390.1	4105104	T	G	T
NZ_CP007390.1	4105124	T	C/T	C,T
NZ_CP007390.1	4105126	A	G/A	A
NZ_CP007390.1	4105128	G	C	C,G
NZ_CP007390.1	4105145	C	T/C	C
NZ_CP007390.1	4105154	G	A/G	G
NZ_CP007390.1	4105166	G	G	A,G
NZ_CP007390.1	4105193	C	C	C,T
NZ_CP007390.1	4105228	C	A	A,C
NZ_CP007390.1	4105229	C	G	C,G
NZ_CP007390.1	4105234	C	T	C
NZ_CP007390.1	4105240	T	A	A,T
NZ_CP007390.1	4105268	C	T	C,T
NZ_CP007390.1	4105269	C	C	C,T
NZ_CP007390.1	4105288	A	A	A,G
NZ_CP007390.1	4105291	G	A	G
NZ_CP007390.1	4105301	T	G	A/G,T
NZ_CP007390.1	4105341	T	A	A,T
NZ_CP007390.1	4105350	C	C	C,T
NZ_CP007390.1	4105353	C	T	C,T
NZ_CP007390.1	4105354	C	T	C
NZ_CP007390.1	4105357	C	C	C,T
NZ_CP007390.1	4105370	A	G	A
NZ_CP007390.1	4105379	G	C	G
NZ_CP007390.1	4105380	C	T	C
NZ_CP007390.1	4105382	T	C	T
NZ_CP007390.1	4105386	A	T/A	A
NZ_CP007390.1	4105390	G	G	A,G
NZ_CP007390.1	4105391	G	G	A,G
NZ_CP007390.1	4105393	G	G	G,T
NZ_CP007390.1	4105399	T	C,T	T
NZ_CP007390.1	4105412	T	T	A,T
NZ_CP007390.1	4105422	T	G	G,T
NZ_CP007390.1	4105454	T	C	T
NZ_CP007390.1	4105467	G	G	G,T
NZ_CP007390.1	4105471	C	A,T	C
NZ_CP007390.1	4105476	C	C,G	C/G
NZ_CP007390.1	4105530	T	C	T
NZ_CP007390.1	4105564	C	G	C
NZ_CP007390.1	4105567	C	T	C
NZ_CP007390.1	4105644	C	T	C
NZ_CP007390.1	4105817	C	C/A	A
NZ_CP007390.1	4105819	T	T	C
NZ_CP007390.1	4105924	G	C	T
NZ_CP019267.1	107481	T	T	C
NZ_CP019267.1	151373	T	A/T	T
NZ_CP019267.1	204622	T	C	T
NZ_CP019267.1	300999	A	DEL	A
NZ_CP019267.1	321325	G	G,INS	G/INS
NZ_CP019267.1	381565	G	DEL	G
NZ_CP019267.1	444344	C	C,DEL	C
NZ_CP019267.1	499594	C	T	C
NZ_CP019267.1	511336	C	C,T	C
NZ_CP019267.1	554432	G	G	A
NZ_CP019267.1	598198	C	C	C,T
NZ_CP019267.1	749679	T	T	C,T
NZ_CP019267.1	779698	C	T/C	C
NZ_CP019267.1	779707	A	G	A
NZ_CP019267.1	780148	T	C,T	T
NZ_CP019267.1	781252	A	G	A
NZ_CP019267.1	961387	G	A,G	G
NZ_CP019267.1	961616	T	C,T	T
NZ_CP019267.1	961701	C	C,INS	INS/C
NZ_CP019267.1	1054133	G	A,G	G
NZ_CP019267.1	1109258	A	A,T	A
NZ_CP019267.1	1115746	G	T	G
NZ_CP019267.1	1175812	T	C/T	T
NZ_CP019267.1	1192472	T	T	C,T
NZ_CP019267.1	1256467	G	G	G,INS
NZ_CP019267.1	1257531	G	A	G
NZ_CP019267.1	1323106	T	T	C/T
NZ_CP019267.1	1376262	G	A,G	G
NZ_CP019267.1	1636828	C	C	G
NZ_CP019267.1	1651415	G	G	A
NZ_CP019267.1	1651455	T	T	C
NZ_CP019267.1	1682836	T	C	T
NZ_CP019267.1	1695878	G	A	G
NZ_CP019267.1	1759206	T	C,T	T
NZ_CP019267.1	1779899	G	C,G	G
NZ_CP019267.1	1834565	T	C,T	T
NZ_CP019267.1	1889571	C	C,T	C
NZ_CP019267.1	1994878	A	A,DEL	A
NZ_CP019267.1	2044403	A	A,T	A
NZ_CP019267.1	2546258	A	A/T	T/A
NZ_CP019267.1	2825350	A	G	A
NZ_CP019267.1	2844624	G	A,G	G
NZ_CP019267.1	3699499	C	C	A/C
NZ_CP019267.1	3705407	A	T	A
NZ_CP019267.1	4252102	C	T/C	C
NZ_CP019267.1	4288435	C	C	A/C
NZ_CP019267.1	4680345	A	A	A,DEL
NZ_CP019267.1	4680348	A	A	A,C
NZ_CP019267.1	4680361	T	T	C,T
NZ_CP019267.1	4680374	G	G	C,G
NZ_CP019267.1	4680543	C	C	A,C
NZ_CP019267.1	4680545	T	T	C,T
NZ_CP019267.1	4680863	A	T	A
NZ_CP028758.1	1764914	T	T	C
NZ_CP028758.1	1764980	G	G	T
NZ_CP028758.1	1765090	T	T	C
NZ_CP035879.1	4262651	T	C	T
NZ_CP035879.1	4262655	G	INS	G
NZ_CP035879.1	4262661	A	G	A
NZ_CP035879.1	4262666	T	C	T
NZ_CP035879.1	4262673	G	A	G
NZ_CP035879.1	4262675	T	C	T
NZ_CP035879.1	4262677	A	G	A
NZ_CP035879.1	4262678	T	C	T
NZ_CP035879.1	4262679	G	A	G
NZ_CP035879.1	4262688	A	T	A
NZ_CP035879.1	4262690	C	T	C
NZ_CP035879.1	4262694	C	T	C,T
NZ_CP035879.1	4262697	A	G	A
NZ_CP035879.1	4262712	G	T	G,T
NZ_CP035879.1	4262764	C	C	A,C
NZ_CP035879.1	4262870	C	C	G/C
NZ_CP038383.1	339038	C	T	C
NZ_CP038383.1	339050	A	G	A
NZ_CP038383.1	339135	G	G	A
NZ_CP045827.1	791810	C	C	A
NZ_CP045827.1	791889	G	T	G
NZ_CP045827.1	4332052	C	C	T
NZ_CP045827.1	4332070	G	G	A
NZ_CP053730.1	593054	A	G/A	A
NZ_CP069453.1	3180561	C	A	C
NZ_CP069559.1	2389183	G	A	G
NZ_CP069559.1	2389189	G	G	A
NZ_CP069559.1	2389213	G	G	A/G
NZ_CP069559.1	2389233	C	T	C
NZ_CP069559.1	2390443	C	T	C
NZ_CP069559.1	2390448	G	A	G/A
NZ_CP069559.1	2390506	C	T	C,T
NZ_CP069559.1	2390519	A	G	A,G
NZ_CP073624.1	1918525	C	C	T
NZ_CP073624.1	1918526	G	T	G
NZ_CP073624.1	1918541	A	C	A
NZ_CP073624.1	1918546	G	G	A
NZ_CP081698.1	3705135	T	C	T
NZ_CP082774.1	718678	C	C	T
NZ_CP082774.1	718708	T	T	C
NZ_CP087290.1	1359706	A	G	A
NZ_CP087290.1	1359769	C	G	C
NZ_CP087290.1	2401894	C	G	C
NZ_CP087290.1	2401896	C	T	C
NZ_CP095448.1	3171722	A	G	A
NZ_CP095533.1	4695284	T	A	T
NZ_CP098206.1	1587881	C	A	C
NZ_CP098206.1	1587887	A	T	A
NZ_CP098206.1	1587890	C	C	T
NZ_CP098206.1	1587893	C	T	C
NZ_CP098206.1	1587977	A	A	G
NZ_CP098206.1	1587978	T	T	C
NZ_CP098206.1	1587983	G	G	A
NZ_CP098206.1	1587995	G	G	A
NZ_CP098206.1	1592504	G	A	G
NZ_CP098206.1	1597064	G	G	T
NZ_CP100500.1	5418678	C	A	C
NZ_CP104598.1	3926700	A	T	A
NZ_CP104598.1	3926730	C	T	C
NZ_CP106924.1	4147188	C	C	A
NZ_CP106924.1	4147189	T	DEL	T
NZ_CP106924.1	4216507	T	T	G
NZ_CP128931.1	1654934	C	G/C	C
NZ_CP128931.1	1654978	G	C	G
NZ_CP128931.1	1654990	T	G	T
NZ_CP128931.1	1654999	A	G	A
NZ_CP128931.1	1655043	G	A	G
NZ_CP128931.1	1655093	G	A	G
NZ_CP128931.1	3995035	G	G	T
NZ_CP128931.1	3995036	C	C	G
NZ_CP128931.1	3995055	C	T	C
NZ_CP128931.1	3995061	G	G	A
NZ_CP128970.1	7484	A	A	G
NZ_CP128970.1	7493	T	T	C
NZ_CP135649.1	4062463	G	A	G
NZ_CP135649.1	4062811	C	T	C
NZ_CP135649.1	4062859	C	G	C
NZ_CP135649.1	4062866	A	G	A
NZ_CP135649.1	4062869	A	G	A
NZ_CP135649.1	4062892	G	A	G
NZ_CP135649.1	4062946	C	T	C
NZ_CP135649.1	4063246	C	A	C
NZ_CP135649.1	4063345	G	A	G
NZ_CP135649.1	4063348	G	A	G
NZ_CP135649.1	4063354	C	C	T
NZ_CP135649.1	4063402	C	C	C,G
NZ_CP135649.1	4063407	C	T/C	C,T
NZ_CP135649.1	4063420	C	T	C,T
NZ_CP135649.1	4063453	A	G/A	A
NZ_CP135649.1	4063811	T	C	T/C
NZ_CP135649.1	4063820	T	G	T
NZ_CP135649.1	4064134	A	G	A
NZ_CP135649.1	4064155	C	T	C
NZ_CP135649.1	4064161	A	T	A
NZ_CP135649.1	4064164	C	T	C
NZ_CP135649.1	4064188	A	C	A
NZ_CP135649.1	4064204	G	A	G
NZ_CP135649.1	4064206	A	G	A
NZ_CP135649.1	4064313	T	C	T
NZ_CP135649.1	4064314	G	A	G
NZ_CP135649.1	4064317	T	G	T
NZ_CP135649.1	4064338	T	C	T
NZ_CP135649.1	4064362	C	T	C
NZ_CP135649.1	4064374	A	A	G
NZ_CP135649.1	4068763	A	A	C
NZ_CP135649.1	4068865	C	C	C,T
NZ_CP135649.1	4068875	T	C	T
NZ_CP135649.1	4069015	C	T	C,T
NZ_CP135649.1	4069039	A	G	A
NZ_CP135649.1	4069177	T	T	C/T
NZ_CP135649.1	4069195	T	T	A/T
NZ_CP135649.1	4069218	T	T	C/T
NZ_CP135649.1	4069926	G	A,G	G
NZ_CP135649.1	4069936	G	A,G	G
NZ_CP135649.1	4070422	G	A	A,G
NZ_CP135649.1	4070446	C	T	C,T
NZ_CP135649.1	4070810	C	C	T
NZ_CP135649.1	4071111	G	A	G
NZ_CP135649.1	4071128	G	A	G
NZ_CP135649.1	4071152	G	G	A/G
NZ_CP135649.1	4071185	T	G	C/G
NZ_CP135649.1	4071216	G	C	T
NZ_CP135649.1	4071266	T	T	C,T
NZ_CP135649.1	4071284	G	G	A,G
NZ_CP135649.1	4071287	T	T	A,T
NZ_CP135649.1	4071290	G	G	A,G
NZ_CP135649.1	4071302	C	C	C,T
NZ_CP135649.1	4071306	A	A	A,C
NZ_CP135649.1	4071308	G	G	A,G
NZ_CP135649.1	4071329	C	C	C,T
NZ_CP135649.1	4071344	A	A	T/A
NZ_CP135649.1	4071365	C	T	C
NZ_CP135649.1	4071568	C	C	T/C
NZ_CP135649.1	4071582	T	T	G/T
NZ_CP135649.1	4071636	T	T	DEL
NZ_CP135649.1	4074866	G	G	T
NZ_CP135649.1	4075528	C	C	C,T
NZ_CP135649.1	4075529	G	G	G,T
NZ_CP135649.1	4075546	T	T	G,T
NZ_CP135649.1	4075570	A	A,T	A
NZ_CP135649.1	4075600	A	A,T	T/A
NZ_CP135649.1	4075617	A	A,C	C
NZ_CP135649.1	4075682	T	C,T	T
NZ_CP135649.1	4075835	T	C,T	C/T
NZ_CP135649.1	4075885	T	A,T	A/T
NZ_CP135649.1	4075925	A	A,G	A/G
NZ_CP135649.1	4075963	G	G	A,G
NZ_CP135649.1	4075975	T	T	C,T
NZ_CP141765.1	3637502	C	C	T
NZ_LR134231.1	4497859	G	T	G
