NZ_AP022811.1	4971175	A	A	G
NZ_AP022811.1	4971181	T	T	C
NZ_AP022811.1	4971202	T	C	T
NZ_AP022811.1	4971217	T	C	T
NZ_AP022811.1	4971259	C	T	C
NZ_AP022811.1	4971278	A	T	A
NZ_CP007390.1	4047991	G	G	A
NZ_CP007390.1	4048027	C	C	A
NZ_CP007390.1	4052917	C	T	C
NZ_CP007390.1	4052943	T	C	T
NZ_CP007390.1	4052970	T	C	T
NZ_CP007390.1	4053120	G	G	A/G
NZ_CP007390.1	4053135	C	A	C
NZ_CP007390.1	4053157	A	A	A,G
NZ_CP007390.1	4053165	A	G	A
NZ_CP007390.1	4053168	G	A	G
NZ_CP007390.1	4053177	G	A	G
NZ_CP007390.1	4053252	T	C/T	C,T
NZ_CP007390.1	4053264	A	T/A	A,T
NZ_CP007390.1	4053266	C	C	C,G
NZ_CP007390.1	4053286	G	G	C,G
NZ_CP007390.1	4053291	A	A,G	A
NZ_CP007390.1	4053298	G	G	G,T
NZ_CP007390.1	4053306	T	T	C/T
NZ_CP007390.1	4053308	G	G/A	A/G
NZ_CP007390.1	4053310	T	T/A	A/T
NZ_CP007390.1	4053395	T	T	G/T
NZ_CP007390.1	4053398	C	C	T/C
NZ_CP007390.1	4053432	T	T	C,T
NZ_CP007390.1	4053438	T	T	C,T
NZ_CP007390.1	4053441	C	C	C,T
NZ_CP007390.1	4053601	G	A,G	G/A
NZ_CP007390.1	4053608	A	A/C	C/A
NZ_CP007390.1	4053625	G	A/G	G/A
NZ_CP007390.1	4053648	C	C,T	C/T
NZ_CP007390.1	4053654	A	A	G/A
NZ_CP007390.1	4053663	C	C,T	C/T
NZ_CP007390.1	4053664	A	A,G	A/G
NZ_CP007390.1	4053682	C	T	C
NZ_CP007390.1	4053683	G	T	G
NZ_CP007390.1	4053684	A	G	A
NZ_CP007390.1	4053693	T	C	T
NZ_CP007390.1	4053702	T	C,T	C/T
NZ_CP007390.1	4053714	G	C	G/T
NZ_CP007390.1	4053795	G	G,T	G
NZ_CP007390.1	4053807	C	C,T	T
NZ_CP007390.1	4053838	C	A,C	C
NZ_CP007390.1	4053859	A	A,G	G/A
NZ_CP007390.1	4053860	C	C,T	T/C
NZ_CP007390.1	4053884	T	G,T	T
NZ_CP007390.1	4053902	C	C,T	C
NZ_CP007390.1	4053947	G	G/INS	INS/G
NZ_CP007390.1	4054007	C	C,T	C
NZ_CP007390.1	4054028	A	A,G	A
NZ_CP007390.1	4054162	T	C,T	T
NZ_CP007390.1	4054198	G	C,G	G
NZ_CP007390.1	4054199	T	G,T	G/T
NZ_CP007390.1	4054218	T	C,T	C
NZ_CP007390.1	4054545	C	C	T/C
NZ_CP007390.1	4054563	C	A	C/A
NZ_CP007390.1	4054569	A	G	A/G
NZ_CP007390.1	4054570	C	G	C/G
NZ_CP007390.1	4054571	G	C	G/C
NZ_CP007390.1	4054572	T	G	T/G
NZ_CP007390.1	4054578	A	T	A/T
NZ_CP007390.1	4054581	A	G	A/G
NZ_CP007390.1	4054584	C	G	A/G
NZ_CP007390.1	4054587	G	A	G/A
NZ_CP007390.1	4054588	C	T	C/T
NZ_CP007390.1	4054590	G	G	A/G
NZ_CP007390.1	4054593	G	C	G/C
NZ_CP007390.1	4054725	C	A/C	T
NZ_CP007390.1	4054743	C	T/C	C
NZ_CP007390.1	4054767	C	A,C	C
NZ_CP007390.1	4054785	G	A,G	G
NZ_CP007390.1	4054803	G	A,G	A
NZ_CP007390.1	4054812	C	A,C	A
NZ_CP007390.1	4054816	G	A,G	G
NZ_CP007390.1	4055700	C	C,G	G
NZ_CP007390.1	4055701	T	C,T	T
NZ_CP007390.1	4055904	C	C,T	C
NZ_CP007390.1	4055916	A	T	A
NZ_CP007390.1	4055919	A	G	A
NZ_CP007390.1	4055961	G	A	G
NZ_CP007390.1	4055963	G	G	A
NZ_CP007390.1	4055970	A	A	G
NZ_CP007390.1	4055974	T	T	C
NZ_CP007390.1	4055987	G	A	G
NZ_CP007390.1	4055990	G	A	G
NZ_CP007390.1	4056016	C	C	A
NZ_CP007390.1	4056018	G	T	G
NZ_CP007390.1	4056033	A	C	A
NZ_CP007390.1	4056081	C	G	T
NZ_CP007390.1	4058130	A	A,T	T/A
NZ_CP007390.1	4058132	A	A,DEL	DEL/A
NZ_CP007390.1	4058133	T	C,T	C/T
NZ_CP007390.1	4058140	A	A,G	G/A
NZ_CP007390.1	4058401	C	C	A
NZ_CP007390.1	4058407	C	C/T	T
NZ_CP007390.1	4058410	G	T/G	C
NZ_CP007390.1	4058413	C	C/T	T
NZ_CP007390.1	4058473	C	C	T
NZ_CP007390.1	4058728	G	A,G	G
NZ_CP007390.1	4058729	T	C,T	C
NZ_CP007390.1	4058733	A	A/C,T	T
NZ_CP007390.1	4058956	T	C	T
NZ_CP007390.1	4058959	G	A	G
NZ_CP007390.1	4058983	A	G/A	A
NZ_CP007390.1	4059035	G	G	A
NZ_CP007390.1	4059039	A	A	G
NZ_CP007390.1	4059060	C	T	C
NZ_CP007390.1	4059070	G	A,G	G
NZ_CP007390.1	4059127	A	G/A	A
NZ_CP007390.1	4059153	G	G	A/G
NZ_CP007390.1	4059155	T	C/T	T/C
NZ_CP007390.1	4059168	T	T/G	G
NZ_CP007390.1	4059195	A	T	A
NZ_CP007390.1	4060569	C	C	T/C
NZ_CP007390.1	4060584	G	G	A,G
NZ_CP007390.1	4060635	T	C,T	C
NZ_CP007390.1	4060698	A	A,C	A/C
NZ_CP007390.1	4060704	G	G	A,G
NZ_CP007390.1	4060716	C	C,G	C/G
NZ_CP007390.1	4060719	G	G,T	G/T
NZ_CP007390.1	4060962	G	G	A,G
NZ_CP007390.1	4061025	A	G/A	A,G
NZ_CP007390.1	4061109	T	G,T	T
NZ_CP007390.1	4061139	G	G	A,G
NZ_CP007390.1	4061244	T	C	T
NZ_CP007390.1	4061245	A	A	A,G
NZ_CP007390.1	4061246	C	G	C
NZ_CP007390.1	4061286	T	T	C,T
NZ_CP007390.1	4061289	A	A	G
NZ_CP007390.1	4061357	G	G	A,G
NZ_CP007390.1	4061382	A	A/G	A,G
NZ_CP007390.1	4061610	G	G	A,G
NZ_CP007390.1	4061659	G	G/A	A,G
NZ_CP007390.1	4061667	T	T/C	C/T
NZ_CP007390.1	4061709	A	A	A,C
NZ_CP007390.1	4061733	A	A	A,G
NZ_CP007390.1	4061784	A	A	A,G
NZ_CP007390.1	4061785	G	G	A,G
NZ_CP007390.1	4061838	C	C,T	T/C
NZ_CP007390.1	4061871	C	C	T/C
NZ_CP007390.1	4061883	A	A,G	A
NZ_CP007390.1	4061909	A	DEL/A	G/DEL
NZ_CP007390.1	4062469	A	A,G	A
NZ_CP007390.1	4062497	T	T	C,T
NZ_CP007390.1	4062508	A	A,G	A
NZ_CP007390.1	4062510	A	A,C	A
NZ_CP007390.1	4062540	C	C,T	T
NZ_CP007390.1	4062554	A	A,INS	INS
NZ_CP007390.1	4062555	A	A,G	A
NZ_CP007390.1	4062556	A	A,C	C
NZ_CP007390.1	4062589	C	C,G	C
NZ_CP007390.1	4062604	T	C,T	T
NZ_CP007390.1	4062832	C	C	T
NZ_CP007390.1	4063254	C	T	C
NZ_CP007390.1	4063336	A	A	A,C
NZ_CP007390.1	4063404	C	C	C,T
NZ_CP007390.1	4063405	A	A	A,G
NZ_CP007390.1	4063407	T	T	A,T
NZ_CP007390.1	4063410	C	T/C	C,T
NZ_CP007390.1	4063411	G	G	A,G
NZ_CP007390.1	4063413	A	C/A	C,T
NZ_CP007390.1	4063419	C	T/C	C,T
NZ_CP007390.1	4063503	T	C	T/C
NZ_CP007390.1	4063581	T	T	C,T
NZ_CP007390.1	4063595	G	G	A,G
NZ_CP007390.1	4063729	G	G/A	A/G
NZ_CP007390.1	4063751	G	G/C	C
NZ_CP007390.1	4063766	C	C,G	G
NZ_CP007390.1	4063783	C	C	T
NZ_CP007390.1	4063788	G	G	DEL
NZ_CP007390.1	4063789	T	T/G	DEL
NZ_CP007390.1	4063790	C	C	DEL
NZ_CP007390.1	4063791	G	G	DEL
NZ_CP007390.1	4063818	A	A	G
NZ_CP007390.1	4064099	G	G	T
NZ_CP007390.1	4064117	T	T	C
NZ_CP007390.1	4064124	G	G	A
NZ_CP007390.1	4064128	C	C	G
NZ_CP007390.1	4064129	A	A	C
NZ_CP007390.1	4064130	A	A	C
NZ_CP007390.1	4064132	G	A,G	G
NZ_CP007390.1	4064446	T	T	C/T
NZ_CP007390.1	4064449	G	G	A/G
NZ_CP007390.1	4064482	A	A	G
NZ_CP007390.1	4064495	T	T/C	C
NZ_CP007390.1	4064497	A	A/G	G
NZ_CP007390.1	4064590	C	C,T	T
NZ_CP007390.1	4064591	A	A,G	G
NZ_CP007390.1	4064592	A	A,G	A
NZ_CP007390.1	4064593	C	A,C	C
NZ_CP007390.1	4064597	C	A,C	A
NZ_CP007390.1	4064620	C	C,T	C/T
NZ_CP007390.1	4064623	G	G	A/G
NZ_CP007390.1	4064626	G	G	A/G
NZ_CP007390.1	4064627	G	G	A/G
NZ_CP007390.1	4064629	C	C,T	T
NZ_CP007390.1	4064632	T	C,T	T
NZ_CP007390.1	4064641	G	A,G	G
NZ_CP007390.1	4064659	G	A,G	A
NZ_CP007390.1	4064665	C	C,T	C/T
NZ_CP007390.1	4064668	G	A,G	G/A
NZ_CP007390.1	4064716	C	C	C,T
NZ_CP007390.1	4064719	C	C/T	C,T
NZ_CP007390.1	4064723	A	T/A	A
NZ_CP007390.1	4064743	A	A/G	G/A
NZ_CP007390.1	4064752	A	A,G/C	A/C
NZ_CP007390.1	4064754	T	C,T	T
NZ_CP007390.1	4064755	C	C,T	C
NZ_CP007390.1	4064758	T	C,T	T
NZ_CP007390.1	4064761	T	C,T	T
NZ_CP007390.1	4064762	T	C,T	T
NZ_CP007390.1	4064809	T	A,T	T/A
NZ_CP007390.1	4065145	C	C,T	C
NZ_CP007390.1	4065148	A	A,T	T/A
NZ_CP007390.1	4065151	G	A,G	A/G
NZ_CP007390.1	4065152	T	C,T	C
NZ_CP007390.1	4065153	T	A,T	A
NZ_CP007390.1	4065169	A	A,G	A
NZ_CP007390.1	4065177	G	A,G	A
NZ_CP007390.1	4065184	T	C,T	C
NZ_CP007390.1	4065190	A	A	A,G
NZ_CP007390.1	4065193	C	C	C,T
NZ_CP007390.1	4065200	C	C,G	C
NZ_CP007390.1	4065202	T	C,T	T
NZ_CP007390.1	4065209	G	G	G,T
NZ_CP007390.1	4065210	A	A	A,C
NZ_CP007390.1	4065211	G	G	C,G
NZ_CP007390.1	4065280	A	A/C	A,C
NZ_CP007390.1	4065286	T	C,T	C/T
NZ_CP007390.1	4065304	T	A,G	G/A
NZ_CP007390.1	4065340	T	C,T	C/T
NZ_CP007390.1	4065370	G	G,T	G
NZ_CP007390.1	4065371	C	C,G	C
NZ_CP007390.1	4065372	G	A,G	G
NZ_CP007390.1	4065391	A	G/A	A
NZ_CP007390.1	4065409	G	G	A
NZ_CP007390.1	4065421	T	T/C	C
NZ_CP007390.1	4065424	A	C/T	T
NZ_CP007390.1	4065442	T	G,T	T
NZ_CP007390.1	4065448	C	A/T	C/T
NZ_CP007390.1	4065478	G	A,G	G
NZ_CP007390.1	4065493	C	T/C	C
NZ_CP007390.1	4065495	T	C/T	T/C
NZ_CP007390.1	4065519	A	A,G	A
NZ_CP007390.1	4065556	T	C,T	C/T
NZ_CP007390.1	4065562	A	A,G	G/A
NZ_CP007390.1	4065563	C	C,T	T/C
NZ_CP007390.1	4065580	T	C,T	C
NZ_CP007390.1	4065583	C	A,C	A
NZ_CP007390.1	4065586	A	A,G	G/A
NZ_CP007390.1	4065607	G	G/A	A/G
NZ_CP007390.1	4065675	G	A	G
NZ_CP007390.1	4065704	A	A	G/A
NZ_CP007390.1	4065773	A	C/A	A/C
NZ_CP007390.1	4065777	C	C,T	C
NZ_CP007390.1	4065794	G	G/T	T/G
NZ_CP007390.1	4065805	T	A,G	A
NZ_CP007390.1	4065812	T	T/C	C
NZ_CP007390.1	4065814	A	A/G	G
NZ_CP007390.1	4065827	T	G,T	T
NZ_CP007390.1	4065844	A	A,G	A/G
NZ_CP007390.1	4065859	T	C,T	T
NZ_CP007390.1	4065901	C	C,T	C
NZ_CP007390.1	4065905	C	A,C	C
NZ_CP007390.1	4065907	T	C,T	T
NZ_CP007390.1	4065908	A	A,C	A
NZ_CP007390.1	4065916	C	C,T	C
NZ_CP007390.1	4065925	T	C,T	T
NZ_CP007390.1	4065955	T	G/T	T
NZ_CP007390.1	4065958	C	T/C	C
NZ_CP007390.1	4065967	A	A,G	A
NZ_CP007390.1	4065969	G	G/C	C,G
NZ_CP007390.1	4065973	T	C	T
NZ_CP007390.1	4065979	A	C,T	A,C
NZ_CP007390.1	4065982	C	T	C,T
NZ_CP007390.1	4066066	G	T/G	G
NZ_CP007390.1	4066185	A	G	A
NZ_CP007390.1	4066528	A	A	A,G
NZ_CP007390.1	4066534	C	C	A,C
NZ_CP007390.1	4066537	T	T	C,T
NZ_CP007390.1	4066693	C	C	T/C
NZ_CP007390.1	4066722	C	C/T	T
NZ_CP007390.1	4066727	G	G	A
NZ_CP007390.1	4066752	T	C	T/C
NZ_CP007390.1	4066759	A	G/A	A
NZ_CP007390.1	4066818	T	A	T/A
NZ_CP007390.1	4066822	A	T	A
NZ_CP007390.1	4066937	A	A	A,G
NZ_CP007390.1	4066938	C	C	C,T
NZ_CP007390.1	4066948	C	C	T/C
NZ_CP007390.1	4066949	T	T	C/T
NZ_CP007390.1	4066953	G	A,G	G
NZ_CP007390.1	4066966	A	A	G/A
NZ_CP007390.1	4067121	G	A,G	G
NZ_CP007390.1	4067122	A	A,C	A
NZ_CP007390.1	4067647	C	C	T
NZ_CP007390.1	4067736	A	A,C	A
NZ_CP007390.1	4067739	T	C,T/G	T
NZ_CP007390.1	4067916	A	A,G	A
NZ_CP007390.1	4067927	T	C,T	T
NZ_CP007390.1	4067933	T	T,INS	T
NZ_CP007390.1	4068062	C	C,T	C
NZ_CP007390.1	4068257	C	C,T	C
NZ_CP007390.1	4068286	A	A,C	A
NZ_CP007390.1	4068336	C	C	T
NZ_CP007390.1	4068338	T	G,T	G
NZ_CP007390.1	4068384	G	A,G	G
NZ_CP007390.1	4068395	T	C,T/A	T
NZ_CP007390.1	4068404	G	G/A	A
NZ_CP007390.1	4068495	G	G/C	C
NZ_CP007390.1	4068862	A	DEL/A,G	A
NZ_CP007390.1	4068960	T	C	T
NZ_CP007390.1	4068978	T	C	T/C
NZ_CP007390.1	4068980	A	G	A
NZ_CP007390.1	4068992	A	C	A
NZ_CP007390.1	4069022	C	C	T
NZ_CP007390.1	4069108	C	C	T
NZ_CP007390.1	4069141	C	C	INS
NZ_CP007390.1	4069234	G	G	A,G
NZ_CP007390.1	4069243	C	C	C,T
NZ_CP007390.1	4069246	C	C/T	C,T
NZ_CP007390.1	4069249	C	T/C	C
NZ_CP007390.1	4069255	A	A/G	A,G
NZ_CP007390.1	4069258	T	T/C	C,T
NZ_CP007390.1	4069261	T	T/G	G,T
NZ_CP007390.1	4069273	T	T/C	C,T
NZ_CP007390.1	4069291	G	G	G,T
NZ_CP007390.1	4069294	T	G,T	A,T
NZ_CP007390.1	4069300	A	A/C,T	A,C
NZ_CP007390.1	4069306	C	C/T	C,T
NZ_CP007390.1	4069333	A	G	A,G
NZ_CP007390.1	4069342	G	A/G	A,G
NZ_CP007390.1	4069354	A	C/A	A,C
NZ_CP007390.1	4069396	A	A,G	G/A
NZ_CP007390.1	4069711	G	G	A,G
NZ_CP007390.1	4069741	G	G	A,G
NZ_CP007390.1	4069759	A	A,G	A
NZ_CP007390.1	4069766	C	C	C,T
NZ_CP007390.1	4069773	T	T	C,T
NZ_CP007390.1	4069810	T	T	A,T
NZ_CP007390.1	4069831	T	T	C,T
NZ_CP007390.1	4069835	C	C	C,T
NZ_CP007390.1	4069840	A	A/G	A,G
NZ_CP007390.1	4069843	C	T/C	C,T
NZ_CP007390.1	4069847	C	A,C	C
NZ_CP007390.1	4070162	A	A,DEL	A
NZ_CP007390.1	4070197	G	G	A,G
NZ_CP007390.1	4070352	C	C,G	C
NZ_CP007390.1	4070353	C	C,G	C
NZ_CP007390.1	4070590	C	C,T	C/T
NZ_CP007390.1	4070602	A	A,G	A/G
NZ_CP007390.1	4070684	G	A,G	G
NZ_CP007390.1	4070709	T	G,T	T
NZ_CP007390.1	4070719	C	T	C/T
NZ_CP007390.1	4070734	C	A	C/A
NZ_CP007390.1	4070737	G	A	A,G
NZ_CP007390.1	4070755	A	G	A,G
NZ_CP007390.1	4070776	G	A	A,G
NZ_CP007390.1	4070778	C	T	C,T
NZ_CP007390.1	4070782	T	C	C,T
NZ_CP007390.1	4070784	C	G	C,G
NZ_CP007390.1	4070792	C	T	C,T
NZ_CP007390.1	4072053	C	T/C	C
NZ_CP007390.1	4072255	C	C	T
NZ_CP007390.1	4072282	C	C	T
NZ_CP007390.1	4072285	C	C	A
NZ_CP007390.1	4072295	C	C	G
NZ_CP007390.1	4072330	T	T	C
NZ_CP007390.1	4072348	A	A	G
NZ_CP007390.1	4072393	C	C	T
NZ_CP007390.1	4073220	T	INS	T,INS
NZ_CP007390.1	4074448	G	G	G,T
NZ_CP007390.1	4074912	A	G/A	A/G
NZ_CP007390.1	4074932	G	G,T	G/T
NZ_CP007390.1	4074974	A	G/A	A,G
NZ_CP007390.1	4074975	A	G/A	A,G
NZ_CP007390.1	4074977	C	C	C,G
NZ_CP007390.1	4074992	G	A/G	G
NZ_CP007390.1	4074995	T	C/T	T
NZ_CP007390.1	4075010	C	C	C,T
NZ_CP007390.1	4075706	T	C/T	C,T
NZ_CP007390.1	4075850	C	C	C,T
NZ_CP007390.1	4075895	T	T	G,T
NZ_CP007390.1	4075898	C	C	C,T
NZ_CP007390.1	4075901	A	A	A,T
NZ_CP007390.1	4075916	T	T	C,T
NZ_CP007390.1	4075934	G	G	A,G
NZ_CP007390.1	4076546	A	A/G	G/A
NZ_CP007390.1	4077282	G	G	A,G
NZ_CP007390.1	4077394	C	C	T/C
NZ_CP007390.1	4077448	A	A	G/A
NZ_CP007390.1	4077657	A	A	G
NZ_CP007390.1	4077719	G	G	A,G
NZ_CP007390.1	4077722	T	T	A,T
NZ_CP007390.1	4077734	C	C	T/C
NZ_CP007390.1	4077849	C	C	T
NZ_CP007390.1	4077866	A	A	T
NZ_CP007390.1	4077889	C	T	C
NZ_CP007390.1	4078147	A	A	A,G
NZ_CP007390.1	4078186	G	G	G,T
NZ_CP007390.1	4078228	A	A	A,C
NZ_CP007390.1	4078807	G	G/A	A,G
NZ_CP007390.1	4078810	T	T/C	C,T
NZ_CP007390.1	4078969	C	C	C,T
NZ_CP007390.1	4079071	T	G	T
NZ_CP007390.1	4079767	C	C	C,T
NZ_CP007390.1	4079809	G	G	A,G
NZ_CP007390.1	4079821	A	A	A,C
NZ_CP007390.1	4079938	T	T	C/T
NZ_CP007390.1	4079992	T	C/T	T/C
NZ_CP007390.1	4079999	T	T	C/T
NZ_CP007390.1	4080159	A	A	G/A
NZ_CP007390.1	4080169	T	T	C
NZ_CP007390.1	4080187	C	C,T	T/C
NZ_CP007390.1	4080274	C	C,T	T
NZ_CP007390.1	4080277	A	A,C	C
NZ_CP007390.1	4080279	A	A,G	G
NZ_CP007390.1	4080301	C	C,T	G
NZ_CP007390.1	4080322	A	A	C
NZ_CP007390.1	4080328	G	G	T
NZ_CP007390.1	4080361	C	C	T
NZ_CP007390.1	4080421	C	C,G	G/C
NZ_CP007390.1	4080520	A	A	A,C
NZ_CP007390.1	4080547	T	T/C	C
NZ_CP007390.1	4080562	T	T/G	G
NZ_CP007390.1	4080568	C	C/T	T
NZ_CP007390.1	4080571	G	G/A	A,G
NZ_CP007390.1	4080640	A	A/G	G
NZ_CP007390.1	4080832	G	G	A
NZ_CP007390.1	4080862	G	A/G	G
NZ_CP007390.1	4080898	G	A/G	G
NZ_CP007390.1	4080949	T	G	T
NZ_CP007390.1	4081269	A	A	A,T
NZ_CP007390.1	4081277	C	C	C,T
NZ_CP007390.1	4081311	T	T/C	C,T
NZ_CP007390.1	4081332	A	A/G	A,G
NZ_CP007390.1	4081975	C	G/C	A,C
NZ_CP007390.1	4082020	A	G/A	A,G
NZ_CP007390.1	4082023	G	G	A,G
NZ_CP007390.1	4082068	G	A/G	G
NZ_CP007390.1	4082863	T	C	T
NZ_CP007390.1	4082899	T	C	T/C
NZ_CP007390.1	4083138	G	A,G	G
NZ_CP007390.1	4083152	A	A,C	A
NZ_CP007390.1	4083396	G	G	A,G
NZ_CP007390.1	4083450	T	T	C,T
NZ_CP007390.1	4083453	A	A	A,G
NZ_CP007390.1	4083459	A	A	A,C
NZ_CP007390.1	4083477	T	T	C,T
NZ_CP007390.1	4083483	A	A	A,G
NZ_CP007390.1	4083484	T	T	C,T
NZ_CP007390.1	4083707	A	A,G	G
NZ_CP007390.1	4083788	T	T/C	C
NZ_CP007390.1	4084628	A	A,G	A
NZ_CP007390.1	4084662	A	A	G
NZ_CP007390.1	4084700	C	T/C	C
NZ_CP007390.1	4084701	G	G	A
NZ_CP007390.1	4085126	T	C	C,T
NZ_CP007390.1	4085192	G	G	A,G
NZ_CP007390.1	4085201	T	T/A	A,T
NZ_CP007390.1	4085283	G	A,G	G
NZ_CP007390.1	4085651	C	C	A,C
NZ_CP007390.1	4085653	T	T	C,T
NZ_CP007390.1	4085667	G	G	A,G
NZ_CP007390.1	4085741	A	A	A,G
NZ_CP007390.1	4085779	A	A	A,G
NZ_CP007390.1	4085783	G	G	A,G
NZ_CP007390.1	4085834	C	C	C,T
NZ_CP007390.1	4085855	A	A	G/A
NZ_CP007390.1	4085885	C	T	C
NZ_CP007390.1	4085891	T	C	C,T
NZ_CP007390.1	4085921	G	G	G,T
NZ_CP007390.1	4085978	C	C	C,T
NZ_CP007390.1	4085981	C	C	C,T
NZ_CP007390.1	4085987	A	A/G	A,G
NZ_CP007390.1	4085999	G	G/A	A,G
NZ_CP007390.1	4086050	C	A,C	C/A
NZ_CP007390.1	4086076	T	C,T	T
NZ_CP007390.1	4087114	C	A,C	C
NZ_CP007390.1	4087160	A	A	A,C
NZ_CP007390.1	4087177	A	A	G
NZ_CP007390.1	4087191	T	T	C,T
NZ_CP007390.1	4088317	G	G	G,T
NZ_CP007390.1	4088321	C	C	C,T
NZ_CP007390.1	4088404	C	A,C	C
NZ_CP007390.1	4088423	C	C,G	C
NZ_CP007390.1	4088476	T	G,T	G
NZ_CP007390.1	4088791	G	C	G
NZ_CP007390.1	4088792	C	T	C
NZ_CP007390.1	4089067	G	A,G	G
NZ_CP007390.1	4089076	T	A,T	T
NZ_CP007390.1	4089088	T	C,T	T
NZ_CP007390.1	4089164	C	C	A
NZ_CP007390.1	4089181	A	A,G	A
NZ_CP007390.1	4089199	A	A,G	A
NZ_CP007390.1	4089207	A	A,G	A
NZ_CP007390.1	4089262	A	A	G
NZ_CP007390.1	4089322	T	T	C/T
NZ_CP007390.1	4089331	T	T	G,T
NZ_CP007390.1	4089349	T	T	C/T
NZ_CP007390.1	4089358	G	A,G	G
NZ_CP007390.1	4089387	T	G,T	T
NZ_CP007390.1	4089399	T	T	C,T
NZ_CP007390.1	4089576	G	A,G	G
NZ_CP007390.1	4089591	C	C	C,T
NZ_CP007390.1	4089609	C	C	C,T
NZ_CP007390.1	4089669	A	G/A	A
NZ_CP007390.1	4089678	A	A,T	A
NZ_CP007390.1	4090011	G	A,G	A
NZ_CP007390.1	4090059	T	C,T	C
NZ_CP007390.1	4090110	T	T	C
NZ_CP007390.1	4090341	T	C,T	T
NZ_CP007390.1	4090413	T	C,T	C
NZ_CP007390.1	4090674	C	C,T	C
NZ_CP007390.1	4090694	T	T	C
NZ_CP007390.1	4091094	T	T/C	C,T
NZ_CP007390.1	4091103	C	C	A,C
NZ_CP007390.1	4091127	C	C/T	C,T
NZ_CP007390.1	4091214	A	A	T
NZ_CP007390.1	4091215	A	A	C
NZ_CP007390.1	4091216	G	G	A
NZ_CP007390.1	4091217	A	A	G
NZ_CP007390.1	4091229	A	A	C
NZ_CP007390.1	4091243	G	G	C
NZ_CP007390.1	4091250	G	G	C/G
NZ_CP007390.1	4091262	C	C	A
NZ_CP007390.1	4091311	G	G	A,G
NZ_CP007390.1	4091313	T	T	A
NZ_CP007390.1	4091316	C	C	A
NZ_CP007390.1	4091317	G	G	T
NZ_CP007390.1	4091322	T	T	C
NZ_CP007390.1	4091331	T	T	C
NZ_CP007390.1	4091343	A	A	T
NZ_CP007390.1	4091344	A	A	G
NZ_CP007390.1	4091346	T	T	C
NZ_CP007390.1	4091364	G	G	T
NZ_CP007390.1	4091895	T	C	C,T
NZ_CP007390.1	4091904	G	A	A,G
NZ_CP007390.1	4091908	C	C,G	C
NZ_CP007390.1	4091991	C	C/T	T
NZ_CP007390.1	4091992	C	C/A	A
NZ_CP007390.1	4091993	G	G/A	A
NZ_CP007390.1	4091997	C	C/G	G
NZ_CP007390.1	4092003	C	C/A	A
NZ_CP007390.1	4092046	G	A,G	A
NZ_CP007390.1	4092049	A	A,G	G/C
NZ_CP007390.1	4092051	A	A	A,G
NZ_CP007390.1	4092066	A	G/A	A,G
NZ_CP007390.1	4092123	A	A,G	G
NZ_CP007390.1	4092128	G	C,G	C
NZ_CP007390.1	4092168	G	G	G,T
NZ_CP007390.1	4092177	A	A,G	G
NZ_CP007390.1	4092186	G	G	A,G
NZ_CP007390.1	4092205	C	C	T/C
NZ_CP007390.1	4092212	A	A	G
NZ_CP007390.1	4092213	T	T	C
NZ_CP007390.1	4092216	T	T	INS
NZ_CP007390.1	4092217	A	A	T
NZ_CP007390.1	4092219	G	G	T
NZ_CP007390.1	4092284	T	T	C
NZ_CP007390.1	4092292	C	C	T
NZ_CP007390.1	4092295	A	A/G	G
NZ_CP007390.1	4092304	G	G/A	A
NZ_CP007390.1	4092305	T	T	G
NZ_CP007390.1	4092365	A	A/G	G
NZ_CP007390.1	4092368	T	T/C	C
NZ_CP007390.1	4092390	C	C/A	A
NZ_CP007390.1	4092410	A	A	G
NZ_CP007390.1	4093113	A	A,G	A
NZ_CP007390.1	4093308	C	T	C,T
NZ_CP007390.1	4093413	C	C	T
NZ_CP007390.1	4093525	G	G	G,T
NZ_CP007390.1	4093526	A	A	A,G
NZ_CP007390.1	4093584	T	T	A,T
NZ_CP007390.1	4093587	C	C	C,T
NZ_CP007390.1	4093725	C	C,DEL	T
NZ_CP007390.1	4093733	G	A,G	G
NZ_CP007390.1	4094382	T	A/T	T
NZ_CP007390.1	4094550	G	G,T	G
NZ_CP007390.1	4094556	C	T/C,G	C,T
NZ_CP007390.1	4094583	T	G,T	T
NZ_CP007390.1	4094679	A	A	A,G
NZ_CP007390.1	4094724	C	C	C,T
NZ_CP007390.1	4094895	C	C,T	C
NZ_CP007390.1	4094904	T	C,T	T
NZ_CP007390.1	4095231	G	A,G	G
NZ_CP007390.1	4095327	C	C,T	C
NZ_CP007390.1	4095370	T	C	T
NZ_CP007390.1	4096072	T	C,T	T
NZ_CP007390.1	4096172	C	C/T	T
NZ_CP007390.1	4096174	G	G/A	A
NZ_CP007390.1	4096208	C	C,T	C
NZ_CP007390.1	4096224	A	A,G	A
NZ_CP007390.1	4096241	T	C,T	T
NZ_CP007390.1	4096244	C	C,T	C
NZ_CP007390.1	4096250	G	A,G	G
NZ_CP007390.1	4096253	C	C,T	C
NZ_CP007390.1	4096256	G	G,T	G
NZ_CP007390.1	4096283	C	C,T	C
NZ_CP007390.1	4096292	T	C,T	T
NZ_CP007390.1	4096313	C	C,T	C
NZ_CP007390.1	4096325	G	G,T	G
NZ_CP007390.1	4096352	G	A,G	A
NZ_CP007390.1	4096424	G	A/G	G
NZ_CP007390.1	4096433	G	A/G	G
NZ_CP007390.1	4096439	T	C/T	T
NZ_CP007390.1	4096460	T	C/T	T
NZ_CP007390.1	4096952	T	T	C
NZ_CP007390.1	4096976	A	A,G	G
NZ_CP007390.1	4097061	A	A	G
NZ_CP007390.1	4097069	T	C	T
NZ_CP007390.1	4097072	C	T	C
NZ_CP007390.1	4097300	T	G	T
NZ_CP007390.1	4097303	A	G	A
NZ_CP007390.1	4097963	A	A,C	A
NZ_CP007390.1	4098038	T	C,T	C
NZ_CP007390.1	4098041	T	C,T	C
NZ_CP007390.1	4098266	C	C	T
NZ_CP007390.1	4098299	C	T	C
NZ_CP007390.1	4098310	C	A,C	A
NZ_CP007390.1	4098479	G	G,T	G
NZ_CP007390.1	4098493	C	C,T	C
NZ_CP007390.1	4098503	G	C,G	C
NZ_CP007390.1	4098514	A	A,T	T
NZ_CP007390.1	4098515	T	G,T	G
NZ_CP007390.1	4098521	G	A,G	A
NZ_CP007390.1	4098522	T	G,T	G
NZ_CP007390.1	4098526	C	C,G	G
NZ_CP007390.1	4098527	A	A,G	G
NZ_CP007390.1	4098530	T	T	G
NZ_CP007390.1	4098531	C	A,C	C
NZ_CP007390.1	4098551	C	C,T	C
NZ_CP007390.1	4098557	T	T	C,T
NZ_CP007390.1	4098560	T	G,T	G
NZ_CP007390.1	4098569	G	G,T	T
NZ_CP007390.1	4098573	G	C,G	C
NZ_CP007390.1	4098600	A	A,C	A
NZ_CP007390.1	4098601	T	A,T	T
NZ_CP007390.1	4098602	G	G,T	G/T
NZ_CP007390.1	4098623	A	A,G	A/G
NZ_CP007390.1	4098776	C	C	C,T
NZ_CP007390.1	4098900	T	C/T	C,T
NZ_CP007390.1	4098920	A	G	A
NZ_CP007390.1	4098926	C	C	G,T
NZ_CP007390.1	4098935	T	T	C,T
NZ_CP007390.1	4098991	A	A	C,G
NZ_CP007390.1	4099007	C	T	A,T
NZ_CP007390.1	4099010	C	C	T
NZ_CP007390.1	4099013	G	T	G
NZ_CP007390.1	4099022	T	C/T	G
NZ_CP007390.1	4099037	G	G	G,T
NZ_CP007390.1	4099043	G	G	G,T
NZ_CP007390.1	4099070	G	A	A,G
NZ_CP007390.1	4099076	A	A	A,G
NZ_CP007390.1	4099103	G	A,G	G
NZ_CP007390.1	4099108	A	A,T	A
NZ_CP007390.1	4099131	G	A,G	G
NZ_CP007390.1	4099180	A	A	A,G
NZ_CP007390.1	4099505	G	A,G	G
NZ_CP007390.1	4099537	T	T	A,T
NZ_CP007390.1	4099541	A	A	A,C
NZ_CP007390.1	4099562	C	C,T	C/G
NZ_CP007390.1	4099607	G	G/A	A
NZ_CP007390.1	4099715	A	A,G	A/G
NZ_CP007390.1	4099760	C	T/C	C
NZ_CP007390.1	4099766	G	G/A	A,G
NZ_CP007390.1	4099795	C	A/C	A,C
NZ_CP007390.1	4099796	A	T/A	A,T
NZ_CP007390.1	4099797	C	A/C	A,C
NZ_CP007390.1	4099799	T	C/T	C,T
NZ_CP007390.1	4099801	G	C/G	C,G
NZ_CP007390.1	4100048	G	G	A,G
NZ_CP007390.1	4100054	C	C	T
NZ_CP007390.1	4100072	G	G	C,G
NZ_CP007390.1	4100081	A	A	C/A
NZ_CP007390.1	4100108	C	T	C
NZ_CP007390.1	4100141	C	C	C,T
NZ_CP007390.1	4100153	C	C	C,T
NZ_CP007390.1	4100156	C	C	C,T
NZ_CP007390.1	4100279	G	G	A,G
NZ_CP007390.1	4100831	T	T	C,T
NZ_CP007390.1	4100834	C	A,C	C
NZ_CP007390.1	4100870	C	C,T	C
NZ_CP007390.1	4100879	C	C,T	C
NZ_CP007390.1	4100885	A	A,T	A
NZ_CP007390.1	4100888	G	A,G	G
NZ_CP007390.1	4100902	G	G	A,G
NZ_CP007390.1	4101035	G	G	A,G
NZ_CP007390.1	4101045	A	G/T	A,G
NZ_CP007390.1	4101049	C	C	A,C
NZ_CP007390.1	4101052	T	T	C,T
NZ_CP007390.1	4101053	A	A	A,T
NZ_CP007390.1	4101054	A	A/T	A,T
NZ_CP007390.1	4101155	A	A,T	T/A
NZ_CP007390.1	4101182	C	T	C,T
NZ_CP007390.1	4101222	T	C,T	T
NZ_CP007390.1	4101232	C	T/C	C,T
NZ_CP007390.1	4101237	G	G/A	A,G
NZ_CP007390.1	4101238	C	C	C,T
NZ_CP007390.1	4101264	G	A	G
NZ_CP007390.1	4101273	C	T	C
NZ_CP007390.1	4101288	C	C	A
NZ_CP007390.1	4101315	G	G	T
NZ_CP007390.1	4101481	C	C	A/C
NZ_CP007390.1	4101487	G	A	G
NZ_CP007390.1	4101700	A	T	A
NZ_CP007390.1	4101855	C	C,T	T
NZ_CP007390.1	4102092	G	G	A,G
NZ_CP007390.1	4102362	C	C	T/C
NZ_CP007390.1	4102377	T	T	C
NZ_CP007390.1	4102447	G	T/G	G
NZ_CP007390.1	4102491	G	G	A
NZ_CP007390.1	4102602	A	DEL	A
NZ_CP007390.1	4102608	A	G	A
NZ_CP007390.1	4102614	C	INS	C
NZ_CP007390.1	4102615	A	A	C
NZ_CP007390.1	4102616	T	DEL	T
NZ_CP007390.1	4102617	C	DEL	C
NZ_CP007390.1	4102622	A	T	A
NZ_CP007390.1	4102624	A	A	G
NZ_CP007390.1	4102631	A	T	A
NZ_CP007390.1	4102633	G	A	G
NZ_CP007390.1	4102634	G	A	G
NZ_CP007390.1	4102635	A	INS	A
NZ_CP007390.1	4102674	G	G	A/G
NZ_CP007390.1	4102679	C	C	T/C
NZ_CP007390.1	4102698	C	C	T/A
NZ_CP007390.1	4105085	G	G	A,G
NZ_CP007390.1	4105104	T	T	G,T
NZ_CP007390.1	4105124	T	C,T	T/C
NZ_CP007390.1	4105202	C	C	C,T
NZ_CP007390.1	4105228	C	A,C	A
NZ_CP007390.1	4105229	C	C,G	G
NZ_CP007390.1	4105240	T	A,T	A
NZ_CP007390.1	4105268	C	C,T	C
NZ_CP007390.1	4105269	C	C,T	C
NZ_CP007390.1	4105282	C	C/T	C,T
NZ_CP007390.1	4105284	C	T/C	C,T
NZ_CP007390.1	4105286	A	T/C	C,T
NZ_CP007390.1	4105288	A	A,G	A
NZ_CP007390.1	4105290	C	C/T	C,T
NZ_CP007390.1	4105292	C	A/C	C
NZ_CP007390.1	4105301	T	A/G,T	T
NZ_CP007390.1	4105303	A	A	A,G
NZ_CP007390.1	4105309	A	G/T	A
NZ_CP007390.1	4105321	C	C	T/C
NZ_CP007390.1	4105329	T	T/C	C
NZ_CP007390.1	4105337	C	C	T
NZ_CP007390.1	4105341	T	A,T	T
NZ_CP007390.1	4105350	C	C,T	C
NZ_CP007390.1	4105353	C	C,T	T
NZ_CP007390.1	4105354	C	C	T
NZ_CP007390.1	4105357	C	C,T	C/T
NZ_CP007390.1	4105366	C	T/C	C/T
NZ_CP007390.1	4105390	G	A,G	G
NZ_CP007390.1	4105391	G	A,G	G
NZ_CP007390.1	4105393	G	G,T	G/T
NZ_CP007390.1	4105412	T	A,T	T
NZ_CP007390.1	4105413	A	T/A	A
NZ_CP007390.1	4105422	T	G,T	G
NZ_CP007390.1	4105432	C	C	C,G
NZ_CP007390.1	4105451	A	A	A,G
NZ_CP007390.1	4105467	G	G,T	G
NZ_CP007390.1	4105475	T	C	C,T
NZ_CP007390.1	4105476	C	C/G	C,G
NZ_CP007390.1	4105576	T	T	G
NZ_CP007390.1	4105577	G	G	A
NZ_CP007390.1	4105626	G	G	A
NZ_CP007390.1	4123113	A	C	A
NZ_CP007390.1	4123301	G	G	T
NZ_CP019267.1	107481	T	C	T
NZ_CP019267.1	163557	C	C	C,T
NZ_CP019267.1	539613	G	G	G,T
NZ_CP019267.1	554432	G	A	G
NZ_CP019267.1	705748	G	G	T
NZ_CP019267.1	749679	T	C,T	T
NZ_CP019267.1	781252	A	A	G
NZ_CP019267.1	1129700	C	C	G
NZ_CP019267.1	1130365	C	C	T
NZ_CP019267.1	1131944	G	G	G,T
NZ_CP019267.1	1352751	G	A,G	G
NZ_CP019267.1	1577807	G	G	A
NZ_CP019267.1	1611633	C	INS	C,INS
NZ_CP019267.1	1949217	C	C	T
NZ_CP019267.1	2915274	C	C,T	C
NZ_CP019267.1	2982962	T	T	C
NZ_CP019267.1	2982992	T	T	G
NZ_CP019267.1	2983031	G	A,G	G
NZ_CP019267.1	2983040	T	C,T	C/T
NZ_CP019267.1	2983096	C	C	T/C
NZ_CP019267.1	2984167	C	C	T
NZ_CP019267.1	2984194	A	A	G
NZ_CP019267.1	2984196	A	A	DEL
NZ_CP019267.1	3228931	G	T	G
NZ_CP019267.1	3699499	C	A/C	C
NZ_CP019267.1	3962901	G	A,G	G
NZ_CP019267.1	4162467	G	G	A
NZ_CP019267.1	4363253	G	G	A
NZ_CP019267.1	4423401	C	C	A
NZ_CP019267.1	4680345	A	A,DEL	A
NZ_CP019267.1	4680348	A	A,C	A
NZ_CP019267.1	4680361	T	C,T	T
NZ_CP019267.1	4680374	G	C,G	G
NZ_CP019267.1	4680543	C	A,C	C
NZ_CP019267.1	4680545	T	C,T	T
NZ_CP019267.1	4708750	C	T	C
NZ_CP035879.1	670295	G	G	T
NZ_CP071375.1	3680761	T	T	C,T
NZ_CP095533.1	3898042	C	T	C
NZ_CP106924.1	2456846	T	T	C
NZ_CP138428.1	4273816	G	A	G
NZ_LR134231.1	819162	C	T	C
NZ_LR134231.1	1217692	C	A	C
NZ_LR134231.1	1220546	G	G	C
