NZ_AP022811.1	900152	T	T	C
NZ_AP022811.1	900166	T	C	T
NZ_AP022811.1	900173	A	DEL	A
NZ_AP022811.1	1971564	A	G	A
NZ_AP022811.1	3224884	C	A,C	C
NZ_CP007390.1	534070	G	G	T
NZ_CP007390.1	4055673	G	A,G	A
NZ_CP007390.1	4055682	T	C/T	T
NZ_CP007390.1	4056004	G	A,G	G
NZ_CP007390.1	4056005	C	C,T	C
NZ_CP007390.1	4059283	C	C,T	C
NZ_CP007390.1	4059306	G	A,G	G
NZ_CP007390.1	4059328	C	C,T	C
NZ_CP007390.1	4059331	C	C,T	C
NZ_CP007390.1	4059785	T	A/T	T
NZ_CP007390.1	4059786	G	T/G	G
NZ_CP007390.1	4059788	T	G/T	T/G
NZ_CP007390.1	4063221	T	T	G
NZ_CP007390.1	4063260	A	A/C	A,C
NZ_CP007390.1	4065097	C	G	C,G
NZ_CP007390.1	4065101	C	T	C,T
NZ_CP007390.1	4066317	C	T	C/T
NZ_CP007390.1	4066318	C	A	C/A
NZ_CP007390.1	4066319	C	T	C/T
NZ_CP007390.1	4066321	G	A	G/A
NZ_CP007390.1	4066325	T	A	T/A
NZ_CP007390.1	4066332	A	G	A/G
NZ_CP007390.1	4066334	G	A	G/A
NZ_CP007390.1	4066447	T	C/T	T
NZ_CP007390.1	4066453	T	C/T	T
NZ_CP007390.1	4066459	C	T/C	C
NZ_CP007390.1	4066462	G	C/G	G
NZ_CP007390.1	4066465	C	A/C	C
NZ_CP007390.1	4066483	T	C/T	T/C
NZ_CP007390.1	4066495	A	T/A	A/T
NZ_CP007390.1	4066510	C	T/C	C/T
NZ_CP007390.1	4066519	G	G	A/G
NZ_CP007390.1	4066528	A	A	A,G
NZ_CP007390.1	4066534	C	C	A,C
NZ_CP007390.1	4066537	T	T	C,T
NZ_CP007390.1	4067647	C	C/DEL	T
NZ_CP007390.1	4067672	T	C/A,T	T
NZ_CP007390.1	4067775	A	A,G	A
NZ_CP007390.1	4068015	T	A,T	T
NZ_CP007390.1	4068019	T	T,INS	T
NZ_CP007390.1	4068020	T	C,T	T
NZ_CP007390.1	4068029	T	C/T	T
NZ_CP007390.1	4068039	T	C,T	T
NZ_CP007390.1	4068041	A	G/A	A
NZ_CP007390.1	4068058	C	C,T	C
NZ_CP007390.1	4068097	G	T/G	G
NZ_CP007390.1	4068103	G	A/G	G
NZ_CP007390.1	4068862	A	DEL/A	A
NZ_CP007390.1	4068960	T	C/T	T
NZ_CP007390.1	4068978	T	C/T	T/C
NZ_CP007390.1	4068980	A	G/A	A
NZ_CP007390.1	4068992	A	C/A	A
NZ_CP007390.1	4069022	C	C	T
NZ_CP007390.1	4069201	A	T/A	A
NZ_CP007390.1	4069202	G	A/G	G
NZ_CP007390.1	4070931	C	A	C
NZ_CP007390.1	4072523	A	A/G	G
NZ_CP007390.1	4072541	G	G	A
NZ_CP007390.1	4072551	G	A/G	G
NZ_CP007390.1	4072570	T	G/T	T
NZ_CP007390.1	4072571	A	A/G	G
NZ_CP007390.1	4072915	G	A	G
NZ_CP007390.1	4072975	G	T/G	G
NZ_CP007390.1	4074002	T	A,T	T
NZ_CP007390.1	4074003	G	A,G	G
NZ_CP007390.1	4076126	C	G/T	C
NZ_CP007390.1	4076131	C	A/C	C
NZ_CP007390.1	4076546	A	A	G/A
NZ_CP007390.1	4076886	G	A,G	G/A
NZ_CP007390.1	4076892	C	A,C	C/A
NZ_CP007390.1	4076896	G	A,G	G/A
NZ_CP007390.1	4076933	G	A	G/A
NZ_CP007390.1	4076940	G	A,G	G/A
NZ_CP007390.1	4076944	C	A,C	C/A
NZ_CP007390.1	4076947	A	C,T	A/T
NZ_CP007390.1	4076960	G	A,G	G
NZ_CP007390.1	4076963	A	A,G	A
NZ_CP007390.1	4076969	G	A	G/A
NZ_CP007390.1	4076972	T	C,T	T/C
NZ_CP007390.1	4077108	G	A/G	G
NZ_CP007390.1	4077131	G	A/G	G/A
NZ_CP007390.1	4080169	T	C,T	C
NZ_CP007390.1	4080187	C	C,T	T/C
NZ_CP007390.1	4080949	T	G,T	T
NZ_CP007390.1	4082868	C	T	C/T
NZ_CP007390.1	4082869	C	G	C/G
NZ_CP007390.1	4082878	A	G/C	A/G
NZ_CP007390.1	4082881	C	G	C/G
NZ_CP007390.1	4082884	G	A	G/A
NZ_CP007390.1	4082899	T	C	T/C
NZ_CP007390.1	4083027	G	C/G	G
NZ_CP007390.1	4083033	A	C/A	A
NZ_CP007390.1	4083036	C	T/C	C
NZ_CP007390.1	4083315	A	T	A,T
NZ_CP007390.1	4083324	A	G/A	A,G
NZ_CP007390.1	4083396	G	A	A,G
NZ_CP007390.1	4083450	T	C	C,T
NZ_CP007390.1	4083453	A	T	A,G
NZ_CP007390.1	4083459	A	C	A,C
NZ_CP007390.1	4083477	T	C	C,T
NZ_CP007390.1	4083483	A	G	A,G
NZ_CP007390.1	4083484	T	C	C,T
NZ_CP007390.1	4083590	A	A	T
NZ_CP007390.1	4083692	T	C	T
NZ_CP007390.1	4083694	A	G/A	A
NZ_CP007390.1	4083695	C	T/C	C
NZ_CP007390.1	4083701	C	T/C	C
NZ_CP007390.1	4083702	A	C/A	A
NZ_CP007390.1	4083704	A	G/A	A
NZ_CP007390.1	4083713	A	T/A	A
NZ_CP007390.1	4083715	G	C/G	G
NZ_CP007390.1	4083716	C	A/C	C
NZ_CP007390.1	4083717	A	G/A	A
NZ_CP007390.1	4083729	G	A,G	G
NZ_CP007390.1	4085569	T	C/T	T
NZ_CP007390.1	4086374	C	C,T	C
NZ_CP007390.1	4086375	G	G	T
NZ_CP007390.1	4086389	A	G/A	A
NZ_CP007390.1	4086419	C	A	C
NZ_CP007390.1	4086422	T	A	T
NZ_CP007390.1	4086457	A	A	G
NZ_CP007390.1	4086772	G	DEL	G
NZ_CP007390.1	4086774	G	A	G
NZ_CP007390.1	4086875	A	G	A
NZ_CP007390.1	4086880	C	C,T	C
NZ_CP007390.1	4087318	G	A,G	G/A
NZ_CP007390.1	4087327	G	A	G/A
NZ_CP007390.1	4087339	A	G	A,G
NZ_CP007390.1	4087342	C	T	C,T
NZ_CP007390.1	4087419	A	A,G	A
NZ_CP007390.1	4088039	C	T	C
NZ_CP007390.1	4088041	G	T	G
NZ_CP007390.1	4088042	G	A	G
NZ_CP007390.1	4088053	T	C	T
NZ_CP007390.1	4088056	T	C	T
NZ_CP007390.1	4088067	T	C	T
NZ_CP007390.1	4088070	C	T	C
NZ_CP007390.1	4088075	G	A	G
NZ_CP007390.1	4088179	T	G,T	T
NZ_CP007390.1	4088185	T	C,T	T
NZ_CP007390.1	4088188	C	C,T	C
NZ_CP007390.1	4088209	T	C,T	T
NZ_CP007390.1	4088212	T	C,T	T
NZ_CP007390.1	4088479	A	G/A	A/G
NZ_CP007390.1	4088489	A	G/A	A/G
NZ_CP007390.1	4088494	C	A/C,G	C/A
NZ_CP007390.1	4088497	G	A,G	G/A
NZ_CP007390.1	4088498	C	C,T	C/T
NZ_CP007390.1	4088500	T	A/G,T	T/A
NZ_CP007390.1	4088503	T	C,T	C/T
NZ_CP007390.1	4088506	C	T/C	C/T
NZ_CP007390.1	4088508	G	A/G	G/A
NZ_CP007390.1	4088512	G	G,T	G/T
NZ_CP007390.1	4088521	C	A/C,T	C/A
NZ_CP007390.1	4088530	A	A,G	A/G
NZ_CP007390.1	4089164	C	C	A
NZ_CP007390.1	4089181	A	G	A
NZ_CP007390.1	4089199	A	G	A
NZ_CP007390.1	4089207	A	G	A
NZ_CP007390.1	4089262	A	A	G
NZ_CP007390.1	4089286	G	A,G	G/A
NZ_CP007390.1	4089287	C	C,T	C/T
NZ_CP007390.1	4089322	T	C,T	C/T
NZ_CP007390.1	4089349	T	C,T	C/T
NZ_CP007390.1	4089732	T	C,T	T
NZ_CP007390.1	4089744	C	A,C	C
NZ_CP007390.1	4089750	G	C,G	G
NZ_CP007390.1	4089879	C	T/C	C
NZ_CP007390.1	4090314	G	G	A
NZ_CP007390.1	4090326	A	G/A	A
NZ_CP007390.1	4090332	C	C	A
NZ_CP007390.1	4090335	C	T	A
NZ_CP007390.1	4090348	G	A	G
NZ_CP007390.1	4090350	G	A	G
NZ_CP007390.1	4090356	G	A	G
NZ_CP007390.1	4090358	C	A	C
NZ_CP007390.1	4090359	A	C	A
NZ_CP007390.1	4090365	C	A	C
NZ_CP007390.1	4090369	A	G	A
NZ_CP007390.1	4090370	C	T	C
NZ_CP007390.1	4090371	G	A	G
NZ_CP007390.1	4090377	C	T/C	C
NZ_CP007390.1	4090389	G	A/G	G
NZ_CP007390.1	4090392	C	T/C	C
NZ_CP007390.1	4090398	C	T/C	C
NZ_CP007390.1	4090413	T	T/C	C
NZ_CP007390.1	4090425	G	A/G	G
NZ_CP007390.1	4090431	C	C/A	A
NZ_CP007390.1	4090446	G	A/G	G
NZ_CP007390.1	4090452	C	C/T	T
NZ_CP007390.1	4090464	C	C/T	T
NZ_CP007390.1	4090492	T	A/T	T
NZ_CP007390.1	4090494	A	C/A	A
NZ_CP007390.1	4090500	A	G/A	A
NZ_CP007390.1	4090501	A	T/C	C
NZ_CP007390.1	4090503	G	G/C	C
NZ_CP007390.1	4090509	C	T/C	C
NZ_CP007390.1	4090611	T	G	T
NZ_CP007390.1	4090627	C	A	C
NZ_CP007390.1	4090629	T	A	T
NZ_CP007390.1	4090632	C	T	C
NZ_CP007390.1	4090633	A	G	A
NZ_CP007390.1	4090635	G	C	G
NZ_CP007390.1	4090641	C	A	C
NZ_CP007390.1	4090644	G	C	G
NZ_CP007390.1	4090647	A	G	A
NZ_CP007390.1	4090650	A	G	A
NZ_CP007390.1	4090653	C	A	C
NZ_CP007390.1	4090665	C	A	C
NZ_CP007390.1	4090667	G	A	G
NZ_CP007390.1	4090668	G	A	G
NZ_CP007390.1	4090671	A	C	G
NZ_CP007390.1	4090674	C	T	C
NZ_CP007390.1	4090677	G	C	G
NZ_CP007390.1	4090683	A	T	A
NZ_CP007390.1	4090692	T	C	T
NZ_CP007390.1	4090694	T	T	C
NZ_CP007390.1	4091430	G	A,G	G
NZ_CP007390.1	4092066	A	A	A,G
NZ_CP007390.1	4092128	G	T	C
NZ_CP007390.1	4092168	G	G	G,T
NZ_CP007390.1	4092186	G	G	A,G
NZ_CP007390.1	4092260	G	A,G	A
NZ_CP007390.1	4092275	C	C,T	T
NZ_CP007390.1	4092278	T	C,T	C
NZ_CP007390.1	4092284	T	C,T	C
NZ_CP007390.1	4092292	C	C,T	T
NZ_CP007390.1	4092295	A	A,G	G
NZ_CP007390.1	4092304	G	A,G	A
NZ_CP007390.1	4092305	T	G,T	G
NZ_CP007390.1	4093401	C	C,T	C
NZ_CP007390.1	4093413	C	C	T
NZ_CP007390.1	4093492	T	A,T	T/A
NZ_CP007390.1	4093493	T	C,T	T/C
NZ_CP007390.1	4093494	A	A,C	A/C
NZ_CP007390.1	4093497	T	G,T	T/G
NZ_CP007390.1	4093500	C	A,C	C/A
NZ_CP007390.1	4093593	C	C,G	C
NZ_CP007390.1	4093608	T	C,T	T/C
NZ_CP007390.1	4093611	G	G,T	G/T
NZ_CP007390.1	4094550	G	G,T	G
NZ_CP007390.1	4094556	C	A,C	C,T
NZ_CP007390.1	4101232	C	C	C,T
NZ_CP007390.1	4101237	G	A	A,G
NZ_CP007390.1	4101238	C	C	C,T
NZ_CP007390.1	4101261	C	C,T	C
NZ_CP007390.1	4101312	G	A,G	G
NZ_CP007390.1	4101481	C	C	A/C
NZ_CP007390.1	4101504	G	A,G	G
NZ_CP007390.1	4101532	G	A,G	A
NZ_CP007390.1	4101540	T	C	T
NZ_CP007390.1	4102702	A	A,C	A/C
NZ_CP007390.1	4102714	G	A,G	A/G
NZ_CP007390.1	4102715	A	A,G	A/G
NZ_CP007390.1	4102716	C	C,G	C/G
NZ_CP007390.1	4102718	A	A,T	A/T
NZ_CP007390.1	4102722	G	INS,DEL	G/DEL
NZ_CP007390.1	4102723	G	G,DEL	G/DEL
NZ_CP007390.1	4102727	G	G,T	G
NZ_CP007390.1	4102736	A	A,G/T	A
NZ_CP007390.1	4104235	A	A,T	A
NZ_CP007390.1	4105576	T	T	G
NZ_CP007390.1	4105577	G	G	A
NZ_CP007390.1	4105619	G	A	G
NZ_CP007390.1	4105626	G	G	A
NZ_CP007390.1	4105636	T	C/T	T
NZ_CP019267.1	157317	T	T	T,INS
NZ_CP019267.1	161743	G	G,T	G
NZ_CP019267.1	163557	C	C	C,T
NZ_CP019267.1	208950	C	T	C
NZ_CP019267.1	321326	A	A,DEL	A
NZ_CP019267.1	369710	G	A	G
NZ_CP019267.1	401511	C	T	C
NZ_CP019267.1	423517	C	C	T
NZ_CP019267.1	473604	G	G,INS	G
NZ_CP019267.1	598397	G	A	G
NZ_CP019267.1	602624	T	C,T	T
NZ_CP019267.1	705748	G	G	T
NZ_CP019267.1	735309	G	T/G	G
NZ_CP019267.1	781508	C	T/C	C
NZ_CP019267.1	785223	A	T/A	A
NZ_CP019267.1	788227	A	A	G
NZ_CP019267.1	880387	C	T	C
NZ_CP019267.1	880399	C	T	C
NZ_CP019267.1	880408	G	A	G
NZ_CP019267.1	880429	G	A	G
NZ_CP019267.1	880435	C	T	C
NZ_CP019267.1	880453	C	A	C
NZ_CP019267.1	880459	G	T	G
NZ_CP019267.1	880471	C	T	C
NZ_CP019267.1	880480	G	A	G
NZ_CP019267.1	880483	C	T	C
NZ_CP019267.1	880492	C	T	C
NZ_CP019267.1	1117139	A	A	A,G
NZ_CP019267.1	1129700	C	C	G
NZ_CP019267.1	1130365	C	C	T
NZ_CP019267.1	1131944	G	G	G,T
NZ_CP019267.1	1365368	T	G	T
NZ_CP019267.1	1577792	A	A	T
NZ_CP019267.1	1577793	T	T	C
NZ_CP019267.1	1577807	G	G	A
NZ_CP019267.1	1609924	C	C	A
NZ_CP019267.1	1611633	C	INS	C,INS
NZ_CP019267.1	1627115	C	C	T
NZ_CP019267.1	1627619	A	G	A
NZ_CP019267.1	1666533	A	A	G/A
NZ_CP019267.1	1682547	G	C,G	G
NZ_CP019267.1	1687740	A	DEL	A
NZ_CP019267.1	1687741	T	DEL	T
NZ_CP019267.1	1687742	C	DEL	C
NZ_CP019267.1	1687743	T	DEL	T
NZ_CP019267.1	1687744	C	DEL	C
NZ_CP019267.1	1687745	A	DEL	A
NZ_CP019267.1	1687746	T	DEL	T
NZ_CP019267.1	1687747	T	DEL	T
NZ_CP019267.1	1695032	A	A,T	A
NZ_CP019267.1	1883587	G	C,G	G
NZ_CP019267.1	1939385	T	G	T
NZ_CP019267.1	1949217	C	C	T
NZ_CP019267.1	1956315	C	A,C	C
NZ_CP019267.1	2150723	T	C	T/C
NZ_CP019267.1	2166670	C	C	T
NZ_CP019267.1	2318855	T	T	T,DEL
NZ_CP019267.1	2356372	T	T	C
NZ_CP019267.1	2370753	C	T	C
NZ_CP019267.1	2543821	G	T/G	G
NZ_CP019267.1	2784608	C	T	C
NZ_CP019267.1	2800766	C	T	C
NZ_CP019267.1	2801451	G	G	A
NZ_CP019267.1	2906423	G	A	G
NZ_CP019267.1	2946741	C	C	C,DEL
NZ_CP019267.1	2946742	A	A	A,DEL
NZ_CP019267.1	2982962	T	T	C
NZ_CP019267.1	2982992	T	T	G
NZ_CP019267.1	2983096	C	C	T/C
NZ_CP019267.1	2983216	G	A	G/A
NZ_CP019267.1	2983320	G	A	A,G
NZ_CP019267.1	2983398	C	T	C,T
NZ_CP019267.1	2983419	C	C	C,T
NZ_CP019267.1	2983437	T	C	T
NZ_CP019267.1	2983544	T	C	T/C
NZ_CP019267.1	2983574	A	T	A/T
NZ_CP019267.1	2983576	C	INS	C/INS
NZ_CP019267.1	2983600	T	C	T/C
NZ_CP019267.1	2984167	C	C	T
NZ_CP019267.1	2984194	A	A	G
NZ_CP019267.1	2984196	A	A	DEL
NZ_CP019267.1	2984234	C	T	C
NZ_CP019267.1	3789226	C	C	C,T
NZ_CP019267.1	3789256	C	C	C,T
NZ_CP019267.1	3795959	G	G	A
NZ_CP019267.1	4050186	T	T	C
NZ_CP019267.1	4091667	C	A	C
NZ_CP019267.1	4118514	G	A,G	G
NZ_CP019267.1	4177160	T	C	T
NZ_CP019267.1	4180356	G	A	G
NZ_CP019267.1	4230082	C	C	A/C
NZ_CP019267.1	4242119	A	A,G	A
NZ_CP019267.1	4274933	T	T	DEL
NZ_CP019267.1	4278923	T	A	T
NZ_CP019267.1	4345719	G	A/G	G
NZ_CP019267.1	4363253	G	G	A
NZ_CP019267.1	4382673	C	C	T
NZ_CP019267.1	4423401	C	C	A
NZ_CP019267.1	4432454	G	C,G	G
NZ_CP019267.1	4435612	C	C	T
NZ_CP019267.1	4458203	C	A	C
NZ_CP019267.1	4513233	C	C	A
NZ_CP019267.1	4525876	G	G	T/G
NZ_CP019267.1	4528211	T	C,T	T
NZ_CP019267.1	4528231	G	G	T
NZ_CP019267.1	4536784	C	C	T
NZ_CP019267.1	4718966	C	C	T
NZ_CP028758.1	2817336	G	A	G
NZ_CP028758.1	2817345	A	G	A
NZ_CP028758.1	2817384	G	A	G
NZ_CP028758.1	2817423	G	A	G
NZ_CP028758.1	2817426	A	G	A
NZ_CP028758.1	2817465	A	G	A
NZ_CP028758.1	2817471	A	C	A
NZ_CP033762.1	1996904	A	A	G
NZ_CP033762.1	1996910	A	A	T
NZ_CP033762.1	1996913	T	T	C
NZ_CP035879.1	670295	G	G	T
NZ_CP035879.1	1455554	A	G	A
NZ_CP038383.1	3182887	G	A	G
NZ_CP069559.1	4162684	C	T	C
NZ_CP095540.1	314864	A	A	G
NZ_CP128931.1	1408910	A	G	A
NZ_CP135649.1	1208257	C	T	C
NZ_CP135649.1	1208264	A	A	C/A
NZ_CP135649.1	1208365	T	T	G/T
NZ_CP135649.1	1208383	C	C	T/C
NZ_CP135649.1	1208466	C	C	G
NZ_CP135649.1	1208467	C	C	T
NZ_CP135649.1	1208484	C	T/C	C
NZ_CP135649.1	1208539	A	A	G
NZ_CP135649.1	1208569	C	C	G
NZ_CP135649.1	1208665	G	G	A
NZ_CP135649.1	1208703	A	A	G
NZ_CP135649.1	1208722	T	T	C
NZ_CP135649.1	1208746	T	T	C
NZ_CP142442.1	2017487	T	T	C
NZ_CP142442.1	2017500	G	A	G
NZ_CP142442.1	2017544	C	C	T
NZ_LR134231.1	4279623	T	T	A
